filename,notes,authors,licenses,urls,selectedLicense
arms/bracers/male/hurt.png,"original by wulax, adjustments by Makrohn, climb/emote/jump/sit/run by JaidynReiman","Matthew Krohn (makrohn),Johannes Sjölund (wulax),JaidynReiman","OGA-BY 3.0,CC-BY-SA 3.0,GPL 3.0",https://opengameart.org/content/lpc-medieval-fantasy-character-sprites,CC-BY-SA 3.0
arms/bracers/male/idle.png,"original by wulax, adjustments by Makrohn, climb/emote/jump/sit/run by JaidynReiman","Matthew Krohn (makrohn),Johannes Sjölund (wulax),JaidynReiman","OGA-BY 3.0,CC-BY-SA 3.0,GPL 3.0",https://opengameart.org/content/lpc-medieval-fantasy-character-sprites,CC-BY-SA 3.0
arms/bracers/male/slash.png,"original by wulax, adjustments by Makrohn, climb/emote/jump/sit/run by JaidynReiman","Matthew Krohn (makrohn),Johannes Sjölund (wulax),JaidynReiman","OGA-BY 3.0,CC-BY-SA 3.0,GPL 3.0",https://opengameart.org/content/lpc-medieval-fantasy-character-sprites,CC-BY-SA 3.0
arms/bracers/male/spellcast.png,"original by wulax, adjustments by Makrohn, climb/emote/jump/sit/run by JaidynReiman","Matthew Krohn (makrohn),Johannes Sjölund (wulax),JaidynReiman","OGA-BY 3.0,CC-BY-SA 3.0,GPL 3.0",https://opengameart.org/content/lpc-medieval-fantasy-character-sprites,CC-BY-SA 3.0
arms/bracers/male/thrust.png,"original by wulax, adjustments by Makrohn, climb/emote/jump/sit/run by JaidynReiman","Matthew Krohn (makrohn),Johannes Sjölund (wulax),JaidynReiman","OGA-BY 3.0,CC-BY-SA 3.0,GPL 3.0",https://opengameart.org/content/lpc-medieval-fantasy-character-sprites,CC-BY-SA 3.0
arms/bracers/male/walk.png,"original by wulax, adjustments by Makrohn, climb/emote/jump/sit/run by JaidynReiman","Matthew Krohn (makrohn),Johannes Sjölund (wulax),JaidynReiman","OGA-BY 3.0,CC-BY-SA 3.0,GPL 3.0",https://opengameart.org/content/lpc-medieval-fantasy-character-sprites,CC-BY-SA 3.0
arms/bracers/thin/hurt.png,"original by wulax, adjustments by Makrohn, climb/emote/jump/sit/run by JaidynReiman","Matthew Krohn (makrohn),Johannes Sjölund (wulax),JaidynReiman","OGA-BY 3.0,CC-BY-SA 3.0,GPL 3.0",https://opengameart.org/content/lpc-medieval-fantasy-character-sprites,CC-BY-SA 3.0
arms/bracers/thin/idle.png,"original by wulax, adjustments by Makrohn, climb/emote/jump/sit/run by JaidynReiman","Matthew Krohn (makrohn),Johannes Sjölund (wulax),JaidynReiman","OGA-BY 3.0,CC-BY-SA 3.0,GPL 3.0",https://opengameart.org/content/lpc-medieval-fantasy-character-sprites,CC-BY-SA 3.0
arms/bracers/thin/shoot.png,"original by wulax, adjustments by Makrohn, climb/emote/jump/sit/run by JaidynReiman","Matthew Krohn (makrohn),Johannes Sjölund (wulax),JaidynReiman","OGA-BY 3.0,CC-BY-SA 3.0,GPL 3.0",https://opengameart.org/content/lpc-medieval-fantasy-character-sprites,CC-BY-SA 3.0
arms/bracers/thin/slash.png,"original by wulax, adjustments by Makrohn, climb/emote/jump/sit/run by JaidynReiman","Matthew Krohn (makrohn),Johannes Sjölund (wulax),JaidynReiman","OGA-BY 3.0,CC-BY-SA 3.0,GPL 3.0",https://opengameart.org/content/lpc-medieval-fantasy-character-sprites,CC-BY-SA 3.0
arms/bracers/thin/spellcast.png,"original by wulax, adjustments by Makrohn, climb/emote/jump/sit/run by JaidynReiman","Matthew Krohn (makrohn),Johannes Sjölund (wulax),JaidynReiman","OGA-BY 3.0,CC-BY-SA 3.0,GPL 3.0",https://opengameart.org/content/lpc-medieval-fantasy-character-sprites,CC-BY-SA 3.0
arms/bracers/thin/thrust.png,"original by wulax, adjustments by Makrohn, climb/emote/jump/sit/run by JaidynReiman","Matthew Krohn (makrohn),Johannes Sjölund (wulax),JaidynReiman","OGA-BY 3.0,CC-BY-SA 3.0,GPL 3.0",https://opengameart.org/content/lpc-medieval-fantasy-character-sprites,CC-BY-SA 3.0
arms/bracers/thin/walk.png,"original by wulax, adjustments by Makrohn, climb/emote/jump/sit/run by JaidynReiman","Matthew Krohn (makrohn),Johannes Sjölund (wulax),JaidynReiman","OGA-BY 3.0,CC-BY-SA 3.0,GPL 3.0",https://opengameart.org/content/lpc-medieval-fantasy-character-sprites,CC-BY-SA 3.0
beards/beard/basic/hurt.png,"Original by Nemisys, repositioning by JaidynReiman.","JaidynReiman,Carlo Enrico Victoria (Nemisys)","CC-BY-SA 3.0,GPL 3.0",https://opengameart.org/content/lpc-white-beard,CC-BY-SA 3.0
beards/beard/basic/idle.png,"Original by Nemisys, repositioning by JaidynReiman.","JaidynReiman,Carlo Enrico Victoria (Nemisys)","CC-BY-SA 3.0,GPL 3.0",https://opengameart.org/content/lpc-white-beard,CC-BY-SA 3.0
beards/beard/basic/slash.png,"Original by Nemisys, repositioning by JaidynReiman.","JaidynReiman,Carlo Enrico Victoria (Nemisys)","CC-BY-SA 3.0,GPL 3.0",https://opengameart.org/content/lpc-white-beard,CC-BY-SA 3.0
beards/beard/basic/spellcast.png,"Original by Nemisys, repositioning by JaidynReiman.","JaidynReiman,Carlo Enrico Victoria (Nemisys)","CC-BY-SA 3.0,GPL 3.0",https://opengameart.org/content/lpc-white-beard,CC-BY-SA 3.0
beards/beard/basic/thrust.png,"Original by Nemisys, repositioning by JaidynReiman.","JaidynReiman,Carlo Enrico Victoria (Nemisys)","CC-BY-SA 3.0,GPL 3.0",https://opengameart.org/content/lpc-white-beard,CC-BY-SA 3.0
beards/beard/basic/walk.png,"Original by Nemisys, repositioning by JaidynReiman.","JaidynReiman,Carlo Enrico Victoria (Nemisys)","CC-BY-SA 3.0,GPL 3.0",https://opengameart.org/content/lpc-white-beard,CC-BY-SA 3.0
body/bodies/female/hurt.png,see details at https://opengameart.org/content/lpc-character-bases,"Benjamin K. Smith (BenCreating),bluecarrot16,TheraHedwig,Evert,MuffinElZangano,Durrani,Pierre Vigier (pvigier),ElizaWy,Matthew Krohn (makrohn),Johannes Sjölund (wulax),Stephen Challener (Redshrike)","OGA-BY 3.0,CC-BY-SA 3.0,GPL 3.0","https://opengameart.org/content/liberated-pixel-cup-lpc-base-assets-sprites-map-tiles,https://opengameart.org/content/lpc-medieval-fantasy-character-sprites,https://opengameart.org/content/lpc-ladies,https://opengameart.org/content/lpc-7-womens-shirts,https://opengameart.org/content/lpc-jump-expanded,https://opengameart.org/content/lpc-be-seated,https://opengameart.org/content/lpc-revised-character-basics,https://gitlab.com/vagabondgame/lpc-characters,https://opengameart.org/content/lpc-male-jumping-animation-by-durrani,https://opengameart.org/content/lpc-runcycle-and-diagonal-walkcycle",CC-BY-SA 3.0
body/bodies/female/idle.png,see details at https://opengameart.org/content/lpc-character-bases,"Benjamin K. Smith (BenCreating),bluecarrot16,TheraHedwig,Evert,MuffinElZangano,Durrani,Pierre Vigier (pvigier),ElizaWy,Matthew Krohn (makrohn),Johannes Sjölund (wulax),Stephen Challener (Redshrike)","OGA-BY 3.0,CC-BY-SA 3.0,GPL 3.0","https://opengameart.org/content/liberated-pixel-cup-lpc-base-assets-sprites-map-tiles,https://opengameart.org/content/lpc-medieval-fantasy-character-sprites,https://opengameart.org/content/lpc-ladies,https://opengameart.org/content/lpc-7-womens-shirts,https://opengameart.org/content/lpc-jump-expanded,https://opengameart.org/content/lpc-be-seated,https://opengameart.org/content/lpc-revised-character-basics,https://gitlab.com/vagabondgame/lpc-characters,https://opengameart.org/content/lpc-male-jumping-animation-by-durrani,https://opengameart.org/content/lpc-runcycle-and-diagonal-walkcycle",CC-BY-SA 3.0
body/bodies/female/shoot.png,see details at https://opengameart.org/content/lpc-character-bases,"Benjamin K. Smith (BenCreating),bluecarrot16,TheraHedwig,Evert,MuffinElZangano,Durrani,Pierre Vigier (pvigier),ElizaWy,Matthew Krohn (makrohn),Johannes Sjölund (wulax),Stephen Challener (Redshrike)","OGA-BY 3.0,CC-BY-SA 3.0,GPL 3.0","https://opengameart.org/content/liberated-pixel-cup-lpc-base-assets-sprites-map-tiles,https://opengameart.org/content/lpc-medieval-fantasy-character-sprites,https://opengameart.org/content/lpc-ladies,https://opengameart.org/content/lpc-7-womens-shirts,https://opengameart.org/content/lpc-jump-expanded,https://opengameart.org/content/lpc-be-seated,https://opengameart.org/content/lpc-revised-character-basics,https://gitlab.com/vagabondgame/lpc-characters,https://opengameart.org/content/lpc-male-jumping-animation-by-durrani,https://opengameart.org/content/lpc-runcycle-and-diagonal-walkcycle",CC-BY-SA 3.0
body/bodies/female/slash.png,see details at https://opengameart.org/content/lpc-character-bases,"Benjamin K. Smith (BenCreating),bluecarrot16,TheraHedwig,Evert,MuffinElZangano,Durrani,Pierre Vigier (pvigier),ElizaWy,Matthew Krohn (makrohn),Johannes Sjölund (wulax),Stephen Challener (Redshrike)","OGA-BY 3.0,CC-BY-SA 3.0,GPL 3.0","https://opengameart.org/content/liberated-pixel-cup-lpc-base-assets-sprites-map-tiles,https://opengameart.org/content/lpc-medieval-fantasy-character-sprites,https://opengameart.org/content/lpc-ladies,https://opengameart.org/content/lpc-7-womens-shirts,https://opengameart.org/content/lpc-jump-expanded,https://opengameart.org/content/lpc-be-seated,https://opengameart.org/content/lpc-revised-character-basics,https://gitlab.com/vagabondgame/lpc-characters,https://opengameart.org/content/lpc-male-jumping-animation-by-durrani,https://opengameart.org/content/lpc-runcycle-and-diagonal-walkcycle",CC-BY-SA 3.0
body/bodies/female/spellcast.png,see details at https://opengameart.org/content/lpc-character-bases,"Benjamin K. Smith (BenCreating),bluecarrot16,TheraHedwig,Evert,MuffinElZangano,Durrani,Pierre Vigier (pvigier),ElizaWy,Matthew Krohn (makrohn),Johannes Sjölund (wulax),Stephen Challener (Redshrike)","OGA-BY 3.0,CC-BY-SA 3.0,GPL 3.0","https://opengameart.org/content/liberated-pixel-cup-lpc-base-assets-sprites-map-tiles,https://opengameart.org/content/lpc-medieval-fantasy-character-sprites,https://opengameart.org/content/lpc-ladies,https://opengameart.org/content/lpc-7-womens-shirts,https://opengameart.org/content/lpc-jump-expanded,https://opengameart.org/content/lpc-be-seated,https://opengameart.org/content/lpc-revised-character-basics,https://gitlab.com/vagabondgame/lpc-characters,https://opengameart.org/content/lpc-male-jumping-animation-by-durrani,https://opengameart.org/content/lpc-runcycle-and-diagonal-walkcycle",CC-BY-SA 3.0
body/bodies/female/thrust.png,see details at https://opengameart.org/content/lpc-character-bases,"Benjamin K. Smith (BenCreating),bluecarrot16,TheraHedwig,Evert,MuffinElZangano,Durrani,Pierre Vigier (pvigier),ElizaWy,Matthew Krohn (makrohn),Johannes Sjölund (wulax),Stephen Challener (Redshrike)","OGA-BY 3.0,CC-BY-SA 3.0,GPL 3.0","https://opengameart.org/content/liberated-pixel-cup-lpc-base-assets-sprites-map-tiles,https://opengameart.org/content/lpc-medieval-fantasy-character-sprites,https://opengameart.org/content/lpc-ladies,https://opengameart.org/content/lpc-7-womens-shirts,https://opengameart.org/content/lpc-jump-expanded,https://opengameart.org/content/lpc-be-seated,https://opengameart.org/content/lpc-revised-character-basics,https://gitlab.com/vagabondgame/lpc-characters,https://opengameart.org/content/lpc-male-jumping-animation-by-durrani,https://opengameart.org/content/lpc-runcycle-and-diagonal-walkcycle",CC-BY-SA 3.0
body/bodies/female/walk.png,see details at https://opengameart.org/content/lpc-character-bases,"Benjamin K. Smith (BenCreating),bluecarrot16,TheraHedwig,Evert,MuffinElZangano,Durrani,Pierre Vigier (pvigier),ElizaWy,Matthew Krohn (makrohn),Johannes Sjölund (wulax),Stephen Challener (Redshrike)","OGA-BY 3.0,CC-BY-SA 3.0,GPL 3.0","https://opengameart.org/content/liberated-pixel-cup-lpc-base-assets-sprites-map-tiles,https://opengameart.org/content/lpc-medieval-fantasy-character-sprites,https://opengameart.org/content/lpc-ladies,https://opengameart.org/content/lpc-7-womens-shirts,https://opengameart.org/content/lpc-jump-expanded,https://opengameart.org/content/lpc-be-seated,https://opengameart.org/content/lpc-revised-character-basics,https://gitlab.com/vagabondgame/lpc-characters,https://opengameart.org/content/lpc-male-jumping-animation-by-durrani,https://opengameart.org/content/lpc-runcycle-and-diagonal-walkcycle",CC-BY-SA 3.0
body/bodies/male/hurt.png,see details at https://opengameart.org/content/lpc-character-bases; 'Thick' Male Revised Run/Climb by JaidynReiman (based on ElizaWy's LPC Revised),"bluecarrot16,JaidynReiman,Benjamin K. Smith (BenCreating),Evert,Eliza Wyatt (ElizaWy),TheraHedwig,MuffinElZangano,Durrani,Johannes Sjölund (wulax),Stephen Challener (Redshrike)","OGA-BY 3.0,CC-BY-SA 3.0,GPL 3.0","https://opengameart.org/content/liberated-pixel-cup-lpc-base-assets-sprites-map-tiles,https://opengameart.org/content/lpc-medieval-fantasy-character-sprites,https://opengameart.org/content/lpc-male-jumping-animation-by-durrani,https://opengameart.org/content/lpc-runcycle-and-diagonal-walkcycle,https://opengameart.org/content/lpc-revised-character-basics,https://opengameart.org/content/lpc-be-seated,https://opengameart.org/content/lpc-runcycle-for-male-muscular-and-pregnant-character-bases-with-modular-heads,https://opengameart.org/content/lpc-jump-expanded,https://opengameart.org/content/lpc-character-bases",CC-BY-SA 3.0
body/bodies/male/idle.png,see details at https://opengameart.org/content/lpc-character-bases; 'Thick' Male Revised Run/Climb by JaidynReiman (based on ElizaWy's LPC Revised),"bluecarrot16,JaidynReiman,Benjamin K. Smith (BenCreating),Evert,Eliza Wyatt (ElizaWy),TheraHedwig,MuffinElZangano,Durrani,Johannes Sjölund (wulax),Stephen Challener (Redshrike)","OGA-BY 3.0,CC-BY-SA 3.0,GPL 3.0","https://opengameart.org/content/liberated-pixel-cup-lpc-base-assets-sprites-map-tiles,https://opengameart.org/content/lpc-medieval-fantasy-character-sprites,https://opengameart.org/content/lpc-male-jumping-animation-by-durrani,https://opengameart.org/content/lpc-runcycle-and-diagonal-walkcycle,https://opengameart.org/content/lpc-revised-character-basics,https://opengameart.org/content/lpc-be-seated,https://opengameart.org/content/lpc-runcycle-for-male-muscular-and-pregnant-character-bases-with-modular-heads,https://opengameart.org/content/lpc-jump-expanded,https://opengameart.org/content/lpc-character-bases",CC-BY-SA 3.0
body/bodies/male/slash.png,see details at https://opengameart.org/content/lpc-character-bases; 'Thick' Male Revised Run/Climb by JaidynReiman (based on ElizaWy's LPC Revised),"bluecarrot16,JaidynReiman,Benjamin K. Smith (BenCreating),Evert,Eliza Wyatt (ElizaWy),TheraHedwig,MuffinElZangano,Durrani,Johannes Sjölund (wulax),Stephen Challener (Redshrike)","OGA-BY 3.0,CC-BY-SA 3.0,GPL 3.0","https://opengameart.org/content/liberated-pixel-cup-lpc-base-assets-sprites-map-tiles,https://opengameart.org/content/lpc-medieval-fantasy-character-sprites,https://opengameart.org/content/lpc-male-jumping-animation-by-durrani,https://opengameart.org/content/lpc-runcycle-and-diagonal-walkcycle,https://opengameart.org/content/lpc-revised-character-basics,https://opengameart.org/content/lpc-be-seated,https://opengameart.org/content/lpc-runcycle-for-male-muscular-and-pregnant-character-bases-with-modular-heads,https://opengameart.org/content/lpc-jump-expanded,https://opengameart.org/content/lpc-character-bases",CC-BY-SA 3.0
body/bodies/male/spellcast.png,see details at https://opengameart.org/content/lpc-character-bases; 'Thick' Male Revised Run/Climb by JaidynReiman (based on ElizaWy's LPC Revised),"bluecarrot16,JaidynReiman,Benjamin K. Smith (BenCreating),Evert,Eliza Wyatt (ElizaWy),TheraHedwig,MuffinElZangano,Durrani,Johannes Sjölund (wulax),Stephen Challener (Redshrike)","OGA-BY 3.0,CC-BY-SA 3.0,GPL 3.0","https://opengameart.org/content/liberated-pixel-cup-lpc-base-assets-sprites-map-tiles,https://opengameart.org/content/lpc-medieval-fantasy-character-sprites,https://opengameart.org/content/lpc-male-jumping-animation-by-durrani,https://opengameart.org/content/lpc-runcycle-and-diagonal-walkcycle,https://opengameart.org/content/lpc-revised-character-basics,https://opengameart.org/content/lpc-be-seated,https://opengameart.org/content/lpc-runcycle-for-male-muscular-and-pregnant-character-bases-with-modular-heads,https://opengameart.org/content/lpc-jump-expanded,https://opengameart.org/content/lpc-character-bases",CC-BY-SA 3.0
body/bodies/male/thrust.png,see details at https://opengameart.org/content/lpc-character-bases; 'Thick' Male Revised Run/Climb by JaidynReiman (based on ElizaWy's LPC Revised),"bluecarrot16,JaidynReiman,Benjamin K. Smith (BenCreating),Evert,Eliza Wyatt (ElizaWy),TheraHedwig,MuffinElZangano,Durrani,Johannes Sjölund (wulax),Stephen Challener (Redshrike)","OGA-BY 3.0,CC-BY-SA 3.0,GPL 3.0","https://opengameart.org/content/liberated-pixel-cup-lpc-base-assets-sprites-map-tiles,https://opengameart.org/content/lpc-medieval-fantasy-character-sprites,https://opengameart.org/content/lpc-male-jumping-animation-by-durrani,https://opengameart.org/content/lpc-runcycle-and-diagonal-walkcycle,https://opengameart.org/content/lpc-revised-character-basics,https://opengameart.org/content/lpc-be-seated,https://opengameart.org/content/lpc-runcycle-for-male-muscular-and-pregnant-character-bases-with-modular-heads,https://opengameart.org/content/lpc-jump-expanded,https://opengameart.org/content/lpc-character-bases",CC-BY-SA 3.0
body/bodies/male/walk.png,see details at https://opengameart.org/content/lpc-character-bases; 'Thick' Male Revised Run/Climb by JaidynReiman (based on ElizaWy's LPC Revised),"bluecarrot16,JaidynReiman,Benjamin K. Smith (BenCreating),Evert,Eliza Wyatt (ElizaWy),TheraHedwig,MuffinElZangano,Durrani,Johannes Sjölund (wulax),Stephen Challener (Redshrike)","OGA-BY 3.0,CC-BY-SA 3.0,GPL 3.0","https://opengameart.org/content/liberated-pixel-cup-lpc-base-assets-sprites-map-tiles,https://opengameart.org/content/lpc-medieval-fantasy-character-sprites,https://opengameart.org/content/lpc-male-jumping-animation-by-durrani,https://opengameart.org/content/lpc-runcycle-and-diagonal-walkcycle,https://opengameart.org/content/lpc-revised-character-basics,https://opengameart.org/content/lpc-be-seated,https://opengameart.org/content/lpc-runcycle-for-male-muscular-and-pregnant-character-bases-with-modular-heads,https://opengameart.org/content/lpc-jump-expanded,https://opengameart.org/content/lpc-character-bases",CC-BY-SA 3.0
body/bodies/muscular/hurt.png,see details at https://opengameart.org/content/lpc-character-bases,"bluecarrot16,JaidynReiman,Evert,TheraHedwig,MuffinElZangano,Durrani,Sander Frenken (castelonia),Benjamin K. Smith (BenCreating),Eliza Wyatt (ElizaWy),dalonedrau,Stephen Challener (Redshrike)","CC-BY-SA 3.0,GPL 3.0","https://opengameart.org/content/liberated-pixel-cup-lpc-base-assets-sprites-map-tiles,https://opengameart.org/content/lpc-barbarian-sprite-base,https://opengameart.org/content/lpc-muscular-swing-animation,https://opengameart.org/content/lpc-muscular-hurt-animation,https://opengameart.org/content/lpc-jump-expanded,https://opengameart.org/content/lpc-revised-character-basics,https://opengameart.org/content/lpc-be-seated,https://opengameart.org/content/lpc-jump-expanded,https://opengameart.org/content/lpc-character-bases,https://opengameart.org/content/lpc-male-jumping-animation-by-durrani",CC-BY-SA 3.0
body/bodies/muscular/idle.png,see details at https://opengameart.org/content/lpc-character-bases,"bluecarrot16,JaidynReiman,Evert,TheraHedwig,MuffinElZangano,Durrani,Sander Frenken (castelonia),Benjamin K. Smith (BenCreating),Eliza Wyatt (ElizaWy),dalonedrau,Stephen Challener (Redshrike)","CC-BY-SA 3.0,GPL 3.0","https://opengameart.org/content/liberated-pixel-cup-lpc-base-assets-sprites-map-tiles,https://opengameart.org/content/lpc-barbarian-sprite-base,https://opengameart.org/content/lpc-muscular-swing-animation,https://opengameart.org/content/lpc-muscular-hurt-animation,https://opengameart.org/content/lpc-jump-expanded,https://opengameart.org/content/lpc-revised-character-basics,https://opengameart.org/content/lpc-be-seated,https://opengameart.org/content/lpc-jump-expanded,https://opengameart.org/content/lpc-character-bases,https://opengameart.org/content/lpc-male-jumping-animation-by-durrani",CC-BY-SA 3.0
body/bodies/muscular/slash.png,see details at https://opengameart.org/content/lpc-character-bases,"bluecarrot16,JaidynReiman,Evert,TheraHedwig,MuffinElZangano,Durrani,Sander Frenken (castelonia),Benjamin K. Smith (BenCreating),Eliza Wyatt (ElizaWy),dalonedrau,Stephen Challener (Redshrike)","CC-BY-SA 3.0,GPL 3.0","https://opengameart.org/content/liberated-pixel-cup-lpc-base-assets-sprites-map-tiles,https://opengameart.org/content/lpc-barbarian-sprite-base,https://opengameart.org/content/lpc-muscular-swing-animation,https://opengameart.org/content/lpc-muscular-hurt-animation,https://opengameart.org/content/lpc-jump-expanded,https://opengameart.org/content/lpc-revised-character-basics,https://opengameart.org/content/lpc-be-seated,https://opengameart.org/content/lpc-jump-expanded,https://opengameart.org/content/lpc-character-bases,https://opengameart.org/content/lpc-male-jumping-animation-by-durrani",CC-BY-SA 3.0
body/bodies/muscular/spellcast.png,see details at https://opengameart.org/content/lpc-character-bases,"bluecarrot16,JaidynReiman,Evert,TheraHedwig,MuffinElZangano,Durrani,Sander Frenken (castelonia),Benjamin K. Smith (BenCreating),Eliza Wyatt (ElizaWy),dalonedrau,Stephen Challener (Redshrike)","CC-BY-SA 3.0,GPL 3.0","https://opengameart.org/content/liberated-pixel-cup-lpc-base-assets-sprites-map-tiles,https://opengameart.org/content/lpc-barbarian-sprite-base,https://opengameart.org/content/lpc-muscular-swing-animation,https://opengameart.org/content/lpc-muscular-hurt-animation,https://opengameart.org/content/lpc-jump-expanded,https://opengameart.org/content/lpc-revised-character-basics,https://opengameart.org/content/lpc-be-seated,https://opengameart.org/content/lpc-jump-expanded,https://opengameart.org/content/lpc-character-bases,https://opengameart.org/content/lpc-male-jumping-animation-by-durrani",CC-BY-SA 3.0
body/bodies/muscular/thrust.png,see details at https://opengameart.org/content/lpc-character-bases,"bluecarrot16,JaidynReiman,Evert,TheraHedwig,MuffinElZangano,Durrani,Sander Frenken (castelonia),Benjamin K. Smith (BenCreating),Eliza Wyatt (ElizaWy),dalonedrau,Stephen Challener (Redshrike)","CC-BY-SA 3.0,GPL 3.0","https://opengameart.org/content/liberated-pixel-cup-lpc-base-assets-sprites-map-tiles,https://opengameart.org/content/lpc-barbarian-sprite-base,https://opengameart.org/content/lpc-muscular-swing-animation,https://opengameart.org/content/lpc-muscular-hurt-animation,https://opengameart.org/content/lpc-jump-expanded,https://opengameart.org/content/lpc-revised-character-basics,https://opengameart.org/content/lpc-be-seated,https://opengameart.org/content/lpc-jump-expanded,https://opengameart.org/content/lpc-character-bases,https://opengameart.org/content/lpc-male-jumping-animation-by-durrani",CC-BY-SA 3.0
body/bodies/muscular/walk.png,see details at https://opengameart.org/content/lpc-character-bases,"bluecarrot16,JaidynReiman,Evert,TheraHedwig,MuffinElZangano,Durrani,Sander Frenken (castelonia),Benjamin K. Smith (BenCreating),Eliza Wyatt (ElizaWy),dalonedrau,Stephen Challener (Redshrike)","CC-BY-SA 3.0,GPL 3.0","https://opengameart.org/content/liberated-pixel-cup-lpc-base-assets-sprites-map-tiles,https://opengameart.org/content/lpc-barbarian-sprite-base,https://opengameart.org/content/lpc-muscular-swing-animation,https://opengameart.org/content/lpc-muscular-hurt-animation,https://opengameart.org/content/lpc-jump-expanded,https://opengameart.org/content/lpc-revised-character-basics,https://opengameart.org/content/lpc-be-seated,https://opengameart.org/content/lpc-jump-expanded,https://opengameart.org/content/lpc-character-bases,https://opengameart.org/content/lpc-male-jumping-animation-by-durrani",CC-BY-SA 3.0
body/bodies/teen/hurt.png,,"bluecarrot16,Evert,TheraHedwig,Benjamin K. Smith (BenCreating),MuffinElZangano,Durrani,Pierre Vigier (pvigier),Eliza Wyatt (ElizaWy),Matthew Krohn (makrohn),Johannes Sjölund (wulax),Stephen Challener (Redshrike)","OGA-BY 3.0,CC-BY-SA 3.0,GPL 3.0","https://opengameart.org/content/liberated-pixel-cup-lpc-base-assets-sprites-map-tiles,https://opengameart.org/content/lpc-medieval-fantasy-character-sprites,https://opengameart.org/content/lpc-ladies,https://opengameart.org/content/lpc-teen-unisex-base-clothes,https://opengameart.org/content/lpc-jump-expanded,https://opengameart.org/content/lpc-revised-character-basics,https://opengameart.org/content/lpc-be-seated,https://gitlab.com/vagabondgame/lpc-characters,https://opengameart.org/content/lpc-male-jumping-animation-by-durrani,https://opengameart.org/content/lpc-jump-expanded",CC-BY-SA 3.0
body/bodies/teen/idle.png,,"bluecarrot16,Evert,TheraHedwig,Benjamin K. Smith (BenCreating),MuffinElZangano,Durrani,Pierre Vigier (pvigier),Eliza Wyatt (ElizaWy),Matthew Krohn (makrohn),Johannes Sjölund (wulax),Stephen Challener (Redshrike)","OGA-BY 3.0,CC-BY-SA 3.0,GPL 3.0","https://opengameart.org/content/liberated-pixel-cup-lpc-base-assets-sprites-map-tiles,https://opengameart.org/content/lpc-medieval-fantasy-character-sprites,https://opengameart.org/content/lpc-ladies,https://opengameart.org/content/lpc-teen-unisex-base-clothes,https://opengameart.org/content/lpc-jump-expanded,https://opengameart.org/content/lpc-revised-character-basics,https://opengameart.org/content/lpc-be-seated,https://gitlab.com/vagabondgame/lpc-characters,https://opengameart.org/content/lpc-male-jumping-animation-by-durrani,https://opengameart.org/content/lpc-jump-expanded",CC-BY-SA 3.0
body/bodies/teen/shoot.png,,"bluecarrot16,Evert,TheraHedwig,Benjamin K. Smith (BenCreating),MuffinElZangano,Durrani,Pierre Vigier (pvigier),Eliza Wyatt (ElizaWy),Matthew Krohn (makrohn),Johannes Sjölund (wulax),Stephen Challener (Redshrike)","OGA-BY 3.0,CC-BY-SA 3.0,GPL 3.0","https://opengameart.org/content/liberated-pixel-cup-lpc-base-assets-sprites-map-tiles,https://opengameart.org/content/lpc-medieval-fantasy-character-sprites,https://opengameart.org/content/lpc-ladies,https://opengameart.org/content/lpc-teen-unisex-base-clothes,https://opengameart.org/content/lpc-jump-expanded,https://opengameart.org/content/lpc-revised-character-basics,https://opengameart.org/content/lpc-be-seated,https://gitlab.com/vagabondgame/lpc-characters,https://opengameart.org/content/lpc-male-jumping-animation-by-durrani,https://opengameart.org/content/lpc-jump-expanded",CC-BY-SA 3.0
body/bodies/teen/spellcast.png,,"bluecarrot16,Evert,TheraHedwig,Benjamin K. Smith (BenCreating),MuffinElZangano,Durrani,Pierre Vigier (pvigier),Eliza Wyatt (ElizaWy),Matthew Krohn (makrohn),Johannes Sjölund (wulax),Stephen Challener (Redshrike)","OGA-BY 3.0,CC-BY-SA 3.0,GPL 3.0","https://opengameart.org/content/liberated-pixel-cup-lpc-base-assets-sprites-map-tiles,https://opengameart.org/content/lpc-medieval-fantasy-character-sprites,https://opengameart.org/content/lpc-ladies,https://opengameart.org/content/lpc-teen-unisex-base-clothes,https://opengameart.org/content/lpc-jump-expanded,https://opengameart.org/content/lpc-revised-character-basics,https://opengameart.org/content/lpc-be-seated,https://gitlab.com/vagabondgame/lpc-characters,https://opengameart.org/content/lpc-male-jumping-animation-by-durrani,https://opengameart.org/content/lpc-jump-expanded",CC-BY-SA 3.0
body/bodies/teen/thrust.png,,"bluecarrot16,Evert,TheraHedwig,Benjamin K. Smith (BenCreating),MuffinElZangano,Durrani,Pierre Vigier (pvigier),Eliza Wyatt (ElizaWy),Matthew Krohn (makrohn),Johannes Sjölund (wulax),Stephen Challener (Redshrike)","OGA-BY 3.0,CC-BY-SA 3.0,GPL 3.0","https://opengameart.org/content/liberated-pixel-cup-lpc-base-assets-sprites-map-tiles,https://opengameart.org/content/lpc-medieval-fantasy-character-sprites,https://opengameart.org/content/lpc-ladies,https://opengameart.org/content/lpc-teen-unisex-base-clothes,https://opengameart.org/content/lpc-jump-expanded,https://opengameart.org/content/lpc-revised-character-basics,https://opengameart.org/content/lpc-be-seated,https://gitlab.com/vagabondgame/lpc-characters,https://opengameart.org/content/lpc-male-jumping-animation-by-durrani,https://opengameart.org/content/lpc-jump-expanded",CC-BY-SA 3.0
body/bodies/teen/walk.png,,"bluecarrot16,Evert,TheraHedwig,Benjamin K. Smith (BenCreating),MuffinElZangano,Durrani,Pierre Vigier (pvigier),Eliza Wyatt (ElizaWy),Matthew Krohn (makrohn),Johannes Sjölund (wulax),Stephen Challener (Redshrike)","OGA-BY 3.0,CC-BY-SA 3.0,GPL 3.0","https://opengameart.org/content/liberated-pixel-cup-lpc-base-assets-sprites-map-tiles,https://opengameart.org/content/lpc-medieval-fantasy-character-sprites,https://opengameart.org/content/lpc-ladies,https://opengameart.org/content/lpc-teen-unisex-base-clothes,https://opengameart.org/content/lpc-jump-expanded,https://opengameart.org/content/lpc-revised-character-basics,https://opengameart.org/content/lpc-be-seated,https://gitlab.com/vagabondgame/lpc-characters,https://opengameart.org/content/lpc-male-jumping-animation-by-durrani,https://opengameart.org/content/lpc-jump-expanded",CC-BY-SA 3.0
body/tail/cat/adult/bg/hurt/fur_brown.png,,JaidynReiman,"OGA-BY 3.0+,CC-BY 3.0+,GPL 3.0",https://opengameart.org/content/lpc-furry-ears-tails-for-rpg-sprites,OGA-BY 3.0+
body/tail/cat/adult/bg/hurt/fur_gold.png,,JaidynReiman,"OGA-BY 3.0+,CC-BY 3.0+,GPL 3.0",https://opengameart.org/content/lpc-furry-ears-tails-for-rpg-sprites,OGA-BY 3.0+
body/tail/cat/adult/bg/idle/fur_brown.png,,JaidynReiman,"OGA-BY 3.0+,CC-BY 3.0+,GPL 3.0",https://opengameart.org/content/lpc-furry-ears-tails-for-rpg-sprites,OGA-BY 3.0+
body/tail/cat/adult/bg/idle/fur_gold.png,,JaidynReiman,"OGA-BY 3.0+,CC-BY 3.0+,GPL 3.0",https://opengameart.org/content/lpc-furry-ears-tails-for-rpg-sprites,OGA-BY 3.0+
body/tail/cat/adult/bg/shoot/fur_brown.png,,JaidynReiman,"OGA-BY 3.0+,CC-BY 3.0+,GPL 3.0",https://opengameart.org/content/lpc-furry-ears-tails-for-rpg-sprites,OGA-BY 3.0+
body/tail/cat/adult/bg/slash/fur_brown.png,,JaidynReiman,"OGA-BY 3.0+,CC-BY 3.0+,GPL 3.0",https://opengameart.org/content/lpc-furry-ears-tails-for-rpg-sprites,OGA-BY 3.0+
body/tail/cat/adult/bg/slash/fur_gold.png,,JaidynReiman,"OGA-BY 3.0+,CC-BY 3.0+,GPL 3.0",https://opengameart.org/content/lpc-furry-ears-tails-for-rpg-sprites,OGA-BY 3.0+
body/tail/cat/adult/bg/spellcast/fur_brown.png,,JaidynReiman,"OGA-BY 3.0+,CC-BY 3.0+,GPL 3.0",https://opengameart.org/content/lpc-furry-ears-tails-for-rpg-sprites,OGA-BY 3.0+
body/tail/cat/adult/bg/spellcast/fur_gold.png,,JaidynReiman,"OGA-BY 3.0+,CC-BY 3.0+,GPL 3.0",https://opengameart.org/content/lpc-furry-ears-tails-for-rpg-sprites,OGA-BY 3.0+
body/tail/cat/adult/bg/thrust/fur_brown.png,,JaidynReiman,"OGA-BY 3.0+,CC-BY 3.0+,GPL 3.0",https://opengameart.org/content/lpc-furry-ears-tails-for-rpg-sprites,OGA-BY 3.0+
body/tail/cat/adult/bg/walk/fur_brown.png,,JaidynReiman,"OGA-BY 3.0+,CC-BY 3.0+,GPL 3.0",https://opengameart.org/content/lpc-furry-ears-tails-for-rpg-sprites,OGA-BY 3.0+
body/tail/cat/adult/bg/walk/fur_gold.png,,JaidynReiman,"OGA-BY 3.0+,CC-BY 3.0+,GPL 3.0",https://opengameart.org/content/lpc-furry-ears-tails-for-rpg-sprites,OGA-BY 3.0+
body/tail/cat/adult/fg/hurt/fur_brown.png,,JaidynReiman,"OGA-BY 3.0+,CC-BY 3.0+,GPL 3.0",https://opengameart.org/content/lpc-furry-ears-tails-for-rpg-sprites,OGA-BY 3.0+
body/tail/cat/adult/fg/hurt/fur_gold.png,,JaidynReiman,"OGA-BY 3.0+,CC-BY 3.0+,GPL 3.0",https://opengameart.org/content/lpc-furry-ears-tails-for-rpg-sprites,OGA-BY 3.0+
body/tail/cat/adult/fg/idle/fur_brown.png,,JaidynReiman,"OGA-BY 3.0+,CC-BY 3.0+,GPL 3.0",https://opengameart.org/content/lpc-furry-ears-tails-for-rpg-sprites,OGA-BY 3.0+
body/tail/cat/adult/fg/idle/fur_gold.png,,JaidynReiman,"OGA-BY 3.0+,CC-BY 3.0+,GPL 3.0",https://opengameart.org/content/lpc-furry-ears-tails-for-rpg-sprites,OGA-BY 3.0+
body/tail/cat/adult/fg/shoot/fur_brown.png,,JaidynReiman,"OGA-BY 3.0+,CC-BY 3.0+,GPL 3.0",https://opengameart.org/content/lpc-furry-ears-tails-for-rpg-sprites,OGA-BY 3.0+
body/tail/cat/adult/fg/slash/fur_brown.png,,JaidynReiman,"OGA-BY 3.0+,CC-BY 3.0+,GPL 3.0",https://opengameart.org/content/lpc-furry-ears-tails-for-rpg-sprites,OGA-BY 3.0+
body/tail/cat/adult/fg/slash/fur_gold.png,,JaidynReiman,"OGA-BY 3.0+,CC-BY 3.0+,GPL 3.0",https://opengameart.org/content/lpc-furry-ears-tails-for-rpg-sprites,OGA-BY 3.0+
body/tail/cat/adult/fg/spellcast/fur_brown.png,,JaidynReiman,"OGA-BY 3.0+,CC-BY 3.0+,GPL 3.0",https://opengameart.org/content/lpc-furry-ears-tails-for-rpg-sprites,OGA-BY 3.0+
body/tail/cat/adult/fg/spellcast/fur_gold.png,,JaidynReiman,"OGA-BY 3.0+,CC-BY 3.0+,GPL 3.0",https://opengameart.org/content/lpc-furry-ears-tails-for-rpg-sprites,OGA-BY 3.0+
body/tail/cat/adult/fg/thrust/fur_brown.png,,JaidynReiman,"OGA-BY 3.0+,CC-BY 3.0+,GPL 3.0",https://opengameart.org/content/lpc-furry-ears-tails-for-rpg-sprites,OGA-BY 3.0+
body/tail/cat/adult/fg/walk/fur_brown.png,,JaidynReiman,"OGA-BY 3.0+,CC-BY 3.0+,GPL 3.0",https://opengameart.org/content/lpc-furry-ears-tails-for-rpg-sprites,OGA-BY 3.0+
body/tail/cat/adult/fg/walk/fur_gold.png,,JaidynReiman,"OGA-BY 3.0+,CC-BY 3.0+,GPL 3.0",https://opengameart.org/content/lpc-furry-ears-tails-for-rpg-sprites,OGA-BY 3.0+
body/tail/fluffy/adult/bg/hurt/fur_brown.png,,JaidynReiman,"OGA-BY 3.0+,CC-BY 3.0+,GPL 3.0",https://opengameart.org/content/lpc-furry-ears-tails-for-rpg-sprites,OGA-BY 3.0+
body/tail/fluffy/adult/bg/hurt/fur_grey.png,,JaidynReiman,"OGA-BY 3.0+,CC-BY 3.0+,GPL 3.0",https://opengameart.org/content/lpc-furry-ears-tails-for-rpg-sprites,OGA-BY 3.0+
body/tail/fluffy/adult/bg/idle/fur_brown.png,,JaidynReiman,"OGA-BY 3.0+,CC-BY 3.0+,GPL 3.0",https://opengameart.org/content/lpc-furry-ears-tails-for-rpg-sprites,OGA-BY 3.0+
body/tail/fluffy/adult/bg/idle/fur_grey.png,,JaidynReiman,"OGA-BY 3.0+,CC-BY 3.0+,GPL 3.0",https://opengameart.org/content/lpc-furry-ears-tails-for-rpg-sprites,OGA-BY 3.0+
body/tail/fluffy/adult/bg/slash/fur_brown.png,,JaidynReiman,"OGA-BY 3.0+,CC-BY 3.0+,GPL 3.0",https://opengameart.org/content/lpc-furry-ears-tails-for-rpg-sprites,OGA-BY 3.0+
body/tail/fluffy/adult/bg/slash/fur_grey.png,,JaidynReiman,"OGA-BY 3.0+,CC-BY 3.0+,GPL 3.0",https://opengameart.org/content/lpc-furry-ears-tails-for-rpg-sprites,OGA-BY 3.0+
body/tail/fluffy/adult/bg/spellcast/fur_brown.png,,JaidynReiman,"OGA-BY 3.0+,CC-BY 3.0+,GPL 3.0",https://opengameart.org/content/lpc-furry-ears-tails-for-rpg-sprites,OGA-BY 3.0+
body/tail/fluffy/adult/bg/spellcast/fur_grey.png,,JaidynReiman,"OGA-BY 3.0+,CC-BY 3.0+,GPL 3.0",https://opengameart.org/content/lpc-furry-ears-tails-for-rpg-sprites,OGA-BY 3.0+
body/tail/fluffy/adult/bg/thrust/fur_grey.png,,JaidynReiman,"OGA-BY 3.0+,CC-BY 3.0+,GPL 3.0",https://opengameart.org/content/lpc-furry-ears-tails-for-rpg-sprites,OGA-BY 3.0+
body/tail/fluffy/adult/bg/walk/fur_brown.png,,JaidynReiman,"OGA-BY 3.0+,CC-BY 3.0+,GPL 3.0",https://opengameart.org/content/lpc-furry-ears-tails-for-rpg-sprites,OGA-BY 3.0+
body/tail/fluffy/adult/bg/walk/fur_grey.png,,JaidynReiman,"OGA-BY 3.0+,CC-BY 3.0+,GPL 3.0",https://opengameart.org/content/lpc-furry-ears-tails-for-rpg-sprites,OGA-BY 3.0+
body/tail/fluffy/adult/fg/hurt/fur_brown.png,,JaidynReiman,"OGA-BY 3.0+,CC-BY 3.0+,GPL 3.0",https://opengameart.org/content/lpc-furry-ears-tails-for-rpg-sprites,OGA-BY 3.0+
body/tail/fluffy/adult/fg/hurt/fur_grey.png,,JaidynReiman,"OGA-BY 3.0+,CC-BY 3.0+,GPL 3.0",https://opengameart.org/content/lpc-furry-ears-tails-for-rpg-sprites,OGA-BY 3.0+
body/tail/fluffy/adult/fg/idle/fur_brown.png,,JaidynReiman,"OGA-BY 3.0+,CC-BY 3.0+,GPL 3.0",https://opengameart.org/content/lpc-furry-ears-tails-for-rpg-sprites,OGA-BY 3.0+
body/tail/fluffy/adult/fg/idle/fur_grey.png,,JaidynReiman,"OGA-BY 3.0+,CC-BY 3.0+,GPL 3.0",https://opengameart.org/content/lpc-furry-ears-tails-for-rpg-sprites,OGA-BY 3.0+
body/tail/fluffy/adult/fg/slash/fur_brown.png,,JaidynReiman,"OGA-BY 3.0+,CC-BY 3.0+,GPL 3.0",https://opengameart.org/content/lpc-furry-ears-tails-for-rpg-sprites,OGA-BY 3.0+
body/tail/fluffy/adult/fg/slash/fur_grey.png,,JaidynReiman,"OGA-BY 3.0+,CC-BY 3.0+,GPL 3.0",https://opengameart.org/content/lpc-furry-ears-tails-for-rpg-sprites,OGA-BY 3.0+
body/tail/fluffy/adult/fg/spellcast/fur_brown.png,,JaidynReiman,"OGA-BY 3.0+,CC-BY 3.0+,GPL 3.0",https://opengameart.org/content/lpc-furry-ears-tails-for-rpg-sprites,OGA-BY 3.0+
body/tail/fluffy/adult/fg/spellcast/fur_grey.png,,JaidynReiman,"OGA-BY 3.0+,CC-BY 3.0+,GPL 3.0",https://opengameart.org/content/lpc-furry-ears-tails-for-rpg-sprites,OGA-BY 3.0+
body/tail/fluffy/adult/fg/thrust/fur_grey.png,,JaidynReiman,"OGA-BY 3.0+,CC-BY 3.0+,GPL 3.0",https://opengameart.org/content/lpc-furry-ears-tails-for-rpg-sprites,OGA-BY 3.0+
body/tail/fluffy/adult/fg/walk/fur_brown.png,,JaidynReiman,"OGA-BY 3.0+,CC-BY 3.0+,GPL 3.0",https://opengameart.org/content/lpc-furry-ears-tails-for-rpg-sprites,OGA-BY 3.0+
body/tail/fluffy/adult/fg/walk/fur_grey.png,,JaidynReiman,"OGA-BY 3.0+,CC-BY 3.0+,GPL 3.0",https://opengameart.org/content/lpc-furry-ears-tails-for-rpg-sprites,OGA-BY 3.0+
body/tail/lizard/alt/adult/bg/hurt/green.png,"edited for v3 bases and recolored by bluecarrot16, additional animations added by JaidynReiman","Nila122,bluecarrot16,JaidynReiman","OGA-BY 3.0,CC-BY-SA 3.0,GPL 3.0",https://opengameart.org/content/drakes-and-lizardfolk,CC-BY-SA 3.0
body/tail/lizard/alt/adult/bg/idle/green.png,"edited for v3 bases and recolored by bluecarrot16, additional animations added by JaidynReiman","Nila122,bluecarrot16,JaidynReiman","OGA-BY 3.0,CC-BY-SA 3.0,GPL 3.0",https://opengameart.org/content/drakes-and-lizardfolk,CC-BY-SA 3.0
body/tail/lizard/alt/adult/bg/slash/green.png,"edited for v3 bases and recolored by bluecarrot16, additional animations added by JaidynReiman","Nila122,bluecarrot16,JaidynReiman","OGA-BY 3.0,CC-BY-SA 3.0,GPL 3.0",https://opengameart.org/content/drakes-and-lizardfolk,CC-BY-SA 3.0
body/tail/lizard/alt/adult/bg/spellcast/green.png,"edited for v3 bases and recolored by bluecarrot16, additional animations added by JaidynReiman","Nila122,bluecarrot16,JaidynReiman","OGA-BY 3.0,CC-BY-SA 3.0,GPL 3.0",https://opengameart.org/content/drakes-and-lizardfolk,CC-BY-SA 3.0
body/tail/lizard/alt/adult/bg/thrust/green.png,"edited for v3 bases and recolored by bluecarrot16, additional animations added by JaidynReiman","Nila122,bluecarrot16,JaidynReiman","OGA-BY 3.0,CC-BY-SA 3.0,GPL 3.0",https://opengameart.org/content/drakes-and-lizardfolk,CC-BY-SA 3.0
body/tail/lizard/alt/adult/bg/walk/green.png,"edited for v3 bases and recolored by bluecarrot16, additional animations added by JaidynReiman","Nila122,bluecarrot16,JaidynReiman","OGA-BY 3.0,CC-BY-SA 3.0,GPL 3.0",https://opengameart.org/content/drakes-and-lizardfolk,CC-BY-SA 3.0
body/tail/lizard/alt/adult/fg/hurt/green.png,"edited for v3 bases and recolored by bluecarrot16, additional animations added by JaidynReiman","Nila122,bluecarrot16,JaidynReiman","OGA-BY 3.0,CC-BY-SA 3.0,GPL 3.0",https://opengameart.org/content/drakes-and-lizardfolk,CC-BY-SA 3.0
body/tail/lizard/alt/adult/fg/idle/green.png,"edited for v3 bases and recolored by bluecarrot16, additional animations added by JaidynReiman","Nila122,bluecarrot16,JaidynReiman","OGA-BY 3.0,CC-BY-SA 3.0,GPL 3.0",https://opengameart.org/content/drakes-and-lizardfolk,CC-BY-SA 3.0
body/tail/lizard/alt/adult/fg/slash/green.png,"edited for v3 bases and recolored by bluecarrot16, additional animations added by JaidynReiman","Nila122,bluecarrot16,JaidynReiman","OGA-BY 3.0,CC-BY-SA 3.0,GPL 3.0",https://opengameart.org/content/drakes-and-lizardfolk,CC-BY-SA 3.0
body/tail/lizard/alt/adult/fg/spellcast/green.png,"edited for v3 bases and recolored by bluecarrot16, additional animations added by JaidynReiman","Nila122,bluecarrot16,JaidynReiman","OGA-BY 3.0,CC-BY-SA 3.0,GPL 3.0",https://opengameart.org/content/drakes-and-lizardfolk,CC-BY-SA 3.0
body/tail/lizard/alt/adult/fg/thrust/green.png,"edited for v3 bases and recolored by bluecarrot16, additional animations added by JaidynReiman","Nila122,bluecarrot16,JaidynReiman","OGA-BY 3.0,CC-BY-SA 3.0,GPL 3.0",https://opengameart.org/content/drakes-and-lizardfolk,CC-BY-SA 3.0
body/tail/lizard/alt/adult/fg/walk/green.png,"edited for v3 bases and recolored by bluecarrot16, additional animations added by JaidynReiman","Nila122,bluecarrot16,JaidynReiman","OGA-BY 3.0,CC-BY-SA 3.0,GPL 3.0",https://opengameart.org/content/drakes-and-lizardfolk,CC-BY-SA 3.0
body/wings/bat/adult/bg/hurt/navy.png,"Original by ElizaWy, added to most remaining frames by JaidynReiman","ElizaWy,JaidynReiman",OGA-BY 3.0,https://opengameart.org/content/lpc-wings-new-animations,OGA-BY 3.0
body/wings/bat/adult/bg/idle/navy.png,"Original by ElizaWy, added to most remaining frames by JaidynReiman","ElizaWy,JaidynReiman",OGA-BY 3.0,https://opengameart.org/content/lpc-wings-new-animations,OGA-BY 3.0
body/wings/bat/adult/bg/spellcast/navy.png,"Original by ElizaWy, added to most remaining frames by JaidynReiman","ElizaWy,JaidynReiman",OGA-BY 3.0,https://opengameart.org/content/lpc-wings-new-animations,OGA-BY 3.0
body/wings/bat/adult/bg/thrust/navy.png,"Original by ElizaWy, added to most remaining frames by JaidynReiman","ElizaWy,JaidynReiman",OGA-BY 3.0,https://opengameart.org/content/lpc-wings-new-animations,OGA-BY 3.0
body/wings/bat/adult/bg/walk/navy.png,"Original by ElizaWy, added to most remaining frames by JaidynReiman","ElizaWy,JaidynReiman",OGA-BY 3.0,https://opengameart.org/content/lpc-wings-new-animations,OGA-BY 3.0
body/wings/bat/adult/fg/hurt/navy.png,"Original by ElizaWy, added to most remaining frames by JaidynReiman","ElizaWy,JaidynReiman",OGA-BY 3.0,https://opengameart.org/content/lpc-wings-new-animations,OGA-BY 3.0
body/wings/bat/adult/fg/idle/navy.png,"Original by ElizaWy, added to most remaining frames by JaidynReiman","ElizaWy,JaidynReiman",OGA-BY 3.0,https://opengameart.org/content/lpc-wings-new-animations,OGA-BY 3.0
body/wings/bat/adult/fg/spellcast/navy.png,"Original by ElizaWy, added to most remaining frames by JaidynReiman","ElizaWy,JaidynReiman",OGA-BY 3.0,https://opengameart.org/content/lpc-wings-new-animations,OGA-BY 3.0
body/wings/bat/adult/fg/thrust/navy.png,"Original by ElizaWy, added to most remaining frames by JaidynReiman","ElizaWy,JaidynReiman",OGA-BY 3.0,https://opengameart.org/content/lpc-wings-new-animations,OGA-BY 3.0
body/wings/bat/adult/fg/walk/navy.png,"Original by ElizaWy, added to most remaining frames by JaidynReiman","ElizaWy,JaidynReiman",OGA-BY 3.0,https://opengameart.org/content/lpc-wings-new-animations,OGA-BY 3.0
body/wings/dragonfly/solid/bg/hurt/green.png,"In dedication to my grandmother, Sharon Rowe",The Foreman,"OGA-BY 4.0,CC-BY-SA 4.0",https://opengameart.org/content/lpc-fairy-wings-pack-2,CC-BY-SA 4.0
body/wings/dragonfly/solid/bg/slash/green.png,"In dedication to my grandmother, Sharon Rowe",The Foreman,"OGA-BY 4.0,CC-BY-SA 4.0",https://opengameart.org/content/lpc-fairy-wings-pack-2,CC-BY-SA 4.0
body/wings/dragonfly/solid/bg/spellcast/green.png,"In dedication to my grandmother, Sharon Rowe",The Foreman,"OGA-BY 4.0,CC-BY-SA 4.0",https://opengameart.org/content/lpc-fairy-wings-pack-2,CC-BY-SA 4.0
body/wings/dragonfly/solid/bg/walk/green.png,"In dedication to my grandmother, Sharon Rowe",The Foreman,"OGA-BY 4.0,CC-BY-SA 4.0",https://opengameart.org/content/lpc-fairy-wings-pack-2,CC-BY-SA 4.0
body/wings/dragonfly/solid/fg/hurt/green.png,"In dedication to my grandmother, Sharon Rowe",The Foreman,"OGA-BY 4.0,CC-BY-SA 4.0",https://opengameart.org/content/lpc-fairy-wings-pack-2,CC-BY-SA 4.0
body/wings/dragonfly/solid/fg/slash/green.png,"In dedication to my grandmother, Sharon Rowe",The Foreman,"OGA-BY 4.0,CC-BY-SA 4.0",https://opengameart.org/content/lpc-fairy-wings-pack-2,CC-BY-SA 4.0
body/wings/dragonfly/solid/fg/spellcast/green.png,"In dedication to my grandmother, Sharon Rowe",The Foreman,"OGA-BY 4.0,CC-BY-SA 4.0",https://opengameart.org/content/lpc-fairy-wings-pack-2,CC-BY-SA 4.0
body/wings/dragonfly/solid/fg/walk/green.png,"In dedication to my grandmother, Sharon Rowe",The Foreman,"OGA-BY 4.0,CC-BY-SA 4.0",https://opengameart.org/content/lpc-fairy-wings-pack-2,CC-BY-SA 4.0
body/wings/feathered/adult/bg/hurt/black.png,"Original by ElizaWy, added to most remaining frames by JaidynReiman","ElizaWy,Stephen Challener (Redshrike),JaidynReiman",OGA-BY 3.0,https://opengameart.org/content/lpc-wings-new-animations,OGA-BY 3.0
body/wings/feathered/adult/bg/hurt/gold.png,"Original by ElizaWy, added to most remaining frames by JaidynReiman","ElizaWy,Stephen Challener (Redshrike),JaidynReiman",OGA-BY 3.0,https://opengameart.org/content/lpc-wings-new-animations,OGA-BY 3.0
body/wings/feathered/adult/bg/hurt/white.png,"Original by ElizaWy, added to most remaining frames by JaidynReiman","ElizaWy,Stephen Challener (Redshrike),JaidynReiman",OGA-BY 3.0,https://opengameart.org/content/lpc-wings-new-animations,OGA-BY 3.0
body/wings/feathered/adult/bg/idle/black.png,"Original by ElizaWy, added to most remaining frames by JaidynReiman","ElizaWy,Stephen Challener (Redshrike),JaidynReiman",OGA-BY 3.0,https://opengameart.org/content/lpc-wings-new-animations,OGA-BY 3.0
body/wings/feathered/adult/bg/idle/gold.png,"Original by ElizaWy, added to most remaining frames by JaidynReiman","ElizaWy,Stephen Challener (Redshrike),JaidynReiman",OGA-BY 3.0,https://opengameart.org/content/lpc-wings-new-animations,OGA-BY 3.0
body/wings/feathered/adult/bg/idle/white.png,"Original by ElizaWy, added to most remaining frames by JaidynReiman","ElizaWy,Stephen Challener (Redshrike),JaidynReiman",OGA-BY 3.0,https://opengameart.org/content/lpc-wings-new-animations,OGA-BY 3.0
body/wings/feathered/adult/bg/shoot/black.png,"Original by ElizaWy, added to most remaining frames by JaidynReiman","ElizaWy,Stephen Challener (Redshrike),JaidynReiman",OGA-BY 3.0,https://opengameart.org/content/lpc-wings-new-animations,OGA-BY 3.0
body/wings/feathered/adult/bg/shoot/white.png,"Original by ElizaWy, added to most remaining frames by JaidynReiman","ElizaWy,Stephen Challener (Redshrike),JaidynReiman",OGA-BY 3.0,https://opengameart.org/content/lpc-wings-new-animations,OGA-BY 3.0
body/wings/feathered/adult/bg/spellcast/black.png,"Original by ElizaWy, added to most remaining frames by JaidynReiman","ElizaWy,Stephen Challener (Redshrike),JaidynReiman",OGA-BY 3.0,https://opengameart.org/content/lpc-wings-new-animations,OGA-BY 3.0
body/wings/feathered/adult/bg/spellcast/gold.png,"Original by ElizaWy, added to most remaining frames by JaidynReiman","ElizaWy,Stephen Challener (Redshrike),JaidynReiman",OGA-BY 3.0,https://opengameart.org/content/lpc-wings-new-animations,OGA-BY 3.0
body/wings/feathered/adult/bg/spellcast/white.png,"Original by ElizaWy, added to most remaining frames by JaidynReiman","ElizaWy,Stephen Challener (Redshrike),JaidynReiman",OGA-BY 3.0,https://opengameart.org/content/lpc-wings-new-animations,OGA-BY 3.0
body/wings/feathered/adult/bg/thrust/black.png,"Original by ElizaWy, added to most remaining frames by JaidynReiman","ElizaWy,Stephen Challener (Redshrike),JaidynReiman",OGA-BY 3.0,https://opengameart.org/content/lpc-wings-new-animations,OGA-BY 3.0
body/wings/feathered/adult/bg/thrust/gold.png,"Original by ElizaWy, added to most remaining frames by JaidynReiman","ElizaWy,Stephen Challener (Redshrike),JaidynReiman",OGA-BY 3.0,https://opengameart.org/content/lpc-wings-new-animations,OGA-BY 3.0
body/wings/feathered/adult/bg/thrust/white.png,"Original by ElizaWy, added to most remaining frames by JaidynReiman","ElizaWy,Stephen Challener (Redshrike),JaidynReiman",OGA-BY 3.0,https://opengameart.org/content/lpc-wings-new-animations,OGA-BY 3.0
body/wings/feathered/adult/bg/walk/black.png,"Original by ElizaWy, added to most remaining frames by JaidynReiman","ElizaWy,Stephen Challener (Redshrike),JaidynReiman",OGA-BY 3.0,https://opengameart.org/content/lpc-wings-new-animations,OGA-BY 3.0
body/wings/feathered/adult/bg/walk/gold.png,"Original by ElizaWy, added to most remaining frames by JaidynReiman","ElizaWy,Stephen Challener (Redshrike),JaidynReiman",OGA-BY 3.0,https://opengameart.org/content/lpc-wings-new-animations,OGA-BY 3.0
body/wings/feathered/adult/bg/walk/white.png,"Original by ElizaWy, added to most remaining frames by JaidynReiman","ElizaWy,Stephen Challener (Redshrike),JaidynReiman",OGA-BY 3.0,https://opengameart.org/content/lpc-wings-new-animations,OGA-BY 3.0
body/wings/feathered/adult/fg/hurt/black.png,"Original by ElizaWy, added to most remaining frames by JaidynReiman","ElizaWy,Stephen Challener (Redshrike),JaidynReiman",OGA-BY 3.0,https://opengameart.org/content/lpc-wings-new-animations,OGA-BY 3.0
body/wings/feathered/adult/fg/hurt/gold.png,"Original by ElizaWy, added to most remaining frames by JaidynReiman","ElizaWy,Stephen Challener (Redshrike),JaidynReiman",OGA-BY 3.0,https://opengameart.org/content/lpc-wings-new-animations,OGA-BY 3.0
body/wings/feathered/adult/fg/hurt/white.png,"Original by ElizaWy, added to most remaining frames by JaidynReiman","ElizaWy,Stephen Challener (Redshrike),JaidynReiman",OGA-BY 3.0,https://opengameart.org/content/lpc-wings-new-animations,OGA-BY 3.0
body/wings/feathered/adult/fg/idle/black.png,"Original by ElizaWy, added to most remaining frames by JaidynReiman","ElizaWy,Stephen Challener (Redshrike),JaidynReiman",OGA-BY 3.0,https://opengameart.org/content/lpc-wings-new-animations,OGA-BY 3.0
body/wings/feathered/adult/fg/idle/gold.png,"Original by ElizaWy, added to most remaining frames by JaidynReiman","ElizaWy,Stephen Challener (Redshrike),JaidynReiman",OGA-BY 3.0,https://opengameart.org/content/lpc-wings-new-animations,OGA-BY 3.0
body/wings/feathered/adult/fg/idle/white.png,"Original by ElizaWy, added to most remaining frames by JaidynReiman","ElizaWy,Stephen Challener (Redshrike),JaidynReiman",OGA-BY 3.0,https://opengameart.org/content/lpc-wings-new-animations,OGA-BY 3.0
body/wings/feathered/adult/fg/shoot/black.png,"Original by ElizaWy, added to most remaining frames by JaidynReiman","ElizaWy,Stephen Challener (Redshrike),JaidynReiman",OGA-BY 3.0,https://opengameart.org/content/lpc-wings-new-animations,OGA-BY 3.0
body/wings/feathered/adult/fg/shoot/white.png,"Original by ElizaWy, added to most remaining frames by JaidynReiman","ElizaWy,Stephen Challener (Redshrike),JaidynReiman",OGA-BY 3.0,https://opengameart.org/content/lpc-wings-new-animations,OGA-BY 3.0
body/wings/feathered/adult/fg/spellcast/black.png,"Original by ElizaWy, added to most remaining frames by JaidynReiman","ElizaWy,Stephen Challener (Redshrike),JaidynReiman",OGA-BY 3.0,https://opengameart.org/content/lpc-wings-new-animations,OGA-BY 3.0
body/wings/feathered/adult/fg/spellcast/gold.png,"Original by ElizaWy, added to most remaining frames by JaidynReiman","ElizaWy,Stephen Challener (Redshrike),JaidynReiman",OGA-BY 3.0,https://opengameart.org/content/lpc-wings-new-animations,OGA-BY 3.0
body/wings/feathered/adult/fg/spellcast/white.png,"Original by ElizaWy, added to most remaining frames by JaidynReiman","ElizaWy,Stephen Challener (Redshrike),JaidynReiman",OGA-BY 3.0,https://opengameart.org/content/lpc-wings-new-animations,OGA-BY 3.0
body/wings/feathered/adult/fg/thrust/black.png,"Original by ElizaWy, added to most remaining frames by JaidynReiman","ElizaWy,Stephen Challener (Redshrike),JaidynReiman",OGA-BY 3.0,https://opengameart.org/content/lpc-wings-new-animations,OGA-BY 3.0
body/wings/feathered/adult/fg/thrust/gold.png,"Original by ElizaWy, added to most remaining frames by JaidynReiman","ElizaWy,Stephen Challener (Redshrike),JaidynReiman",OGA-BY 3.0,https://opengameart.org/content/lpc-wings-new-animations,OGA-BY 3.0
body/wings/feathered/adult/fg/thrust/white.png,"Original by ElizaWy, added to most remaining frames by JaidynReiman","ElizaWy,Stephen Challener (Redshrike),JaidynReiman",OGA-BY 3.0,https://opengameart.org/content/lpc-wings-new-animations,OGA-BY 3.0
body/wings/feathered/adult/fg/walk/black.png,"Original by ElizaWy, added to most remaining frames by JaidynReiman","ElizaWy,Stephen Challener (Redshrike),JaidynReiman",OGA-BY 3.0,https://opengameart.org/content/lpc-wings-new-animations,OGA-BY 3.0
body/wings/feathered/adult/fg/walk/gold.png,"Original by ElizaWy, added to most remaining frames by JaidynReiman","ElizaWy,Stephen Challener (Redshrike),JaidynReiman",OGA-BY 3.0,https://opengameart.org/content/lpc-wings-new-animations,OGA-BY 3.0
body/wings/feathered/adult/fg/walk/white.png,"Original by ElizaWy, added to most remaining frames by JaidynReiman","ElizaWy,Stephen Challener (Redshrike),JaidynReiman",OGA-BY 3.0,https://opengameart.org/content/lpc-wings-new-animations,OGA-BY 3.0
hair/afro/adult/hurt.png,,bluecarrot16,CC0,https://opengameart.org/content/lpc-hair,CC0
hair/afro/adult/idle.png,,bluecarrot16,CC0,https://opengameart.org/content/lpc-hair,CC0
hair/afro/adult/spellcast.png,,bluecarrot16,CC0,https://opengameart.org/content/lpc-hair,CC0
hair/afro/adult/thrust.png,,bluecarrot16,CC0,https://opengameart.org/content/lpc-hair,CC0
hair/afro/adult/walk.png,,bluecarrot16,CC0,https://opengameart.org/content/lpc-hair,CC0
hair/balding/adult/hurt.png,,ElizaWy,OGA-BY 3.0,https://opengameart.org/content/lpc-hair,OGA-BY 3.0
hair/balding/adult/idle.png,,ElizaWy,OGA-BY 3.0,https://opengameart.org/content/lpc-hair,OGA-BY 3.0
hair/balding/adult/slash.png,,ElizaWy,OGA-BY 3.0,https://opengameart.org/content/lpc-hair,OGA-BY 3.0
hair/balding/adult/spellcast.png,,ElizaWy,OGA-BY 3.0,https://opengameart.org/content/lpc-hair,OGA-BY 3.0
hair/balding/adult/walk.png,,ElizaWy,OGA-BY 3.0,https://opengameart.org/content/lpc-hair,OGA-BY 3.0
hair/bob/adult/hurt.png,Original by bluecarrot16. Edited and animated by ElizaWy.,"ElizaWy,bluecarrot16",CC0,"https://opengameart.org/content/lpc-hair,https://github.com/ElizaWy/LPC/blob/main/Characters/Hair,https://opengameart.org/content/lpc-expanded-sit-run-jump-more",CC0
hair/bob/adult/idle.png,Original by bluecarrot16. Edited and animated by ElizaWy.,"ElizaWy,bluecarrot16",CC0,"https://opengameart.org/content/lpc-hair,https://github.com/ElizaWy/LPC/blob/main/Characters/Hair,https://opengameart.org/content/lpc-expanded-sit-run-jump-more",CC0
hair/bob/adult/shoot.png,Original by bluecarrot16. Edited and animated by ElizaWy.,"ElizaWy,bluecarrot16",CC0,"https://opengameart.org/content/lpc-hair,https://github.com/ElizaWy/LPC/blob/main/Characters/Hair,https://opengameart.org/content/lpc-expanded-sit-run-jump-more",CC0
hair/bob/adult/slash.png,Original by bluecarrot16. Edited and animated by ElizaWy.,"ElizaWy,bluecarrot16",CC0,"https://opengameart.org/content/lpc-hair,https://github.com/ElizaWy/LPC/blob/main/Characters/Hair,https://opengameart.org/content/lpc-expanded-sit-run-jump-more",CC0
hair/bob/adult/spellcast.png,Original by bluecarrot16. Edited and animated by ElizaWy.,"ElizaWy,bluecarrot16",CC0,"https://opengameart.org/content/lpc-hair,https://github.com/ElizaWy/LPC/blob/main/Characters/Hair,https://opengameart.org/content/lpc-expanded-sit-run-jump-more",CC0
hair/bob/adult/walk.png,Original by bluecarrot16. Edited and animated by ElizaWy.,"ElizaWy,bluecarrot16",CC0,"https://opengameart.org/content/lpc-hair,https://github.com/ElizaWy/LPC/blob/main/Characters/Hair,https://opengameart.org/content/lpc-expanded-sit-run-jump-more",CC0
hair/braid/adult/bg/hurt.png,,"Nila122,ElizaWy","OGA-BY 3.0,CC-BY-SA 3.0,GPL 3.0,GPL 2.0","https://opengameart.org/content/3-hairs-for-lpc,https://opengameart.org/content/lpc-hair",CC-BY-SA 3.0
hair/braid/adult/bg/idle.png,,"Nila122,ElizaWy","OGA-BY 3.0,CC-BY-SA 3.0,GPL 3.0,GPL 2.0","https://opengameart.org/content/3-hairs-for-lpc,https://opengameart.org/content/lpc-hair",CC-BY-SA 3.0
hair/braid/adult/bg/slash.png,,"Nila122,ElizaWy","OGA-BY 3.0,CC-BY-SA 3.0,GPL 3.0,GPL 2.0","https://opengameart.org/content/3-hairs-for-lpc,https://opengameart.org/content/lpc-hair",CC-BY-SA 3.0
hair/braid/adult/bg/spellcast.png,,"Nila122,ElizaWy","OGA-BY 3.0,CC-BY-SA 3.0,GPL 3.0,GPL 2.0","https://opengameart.org/content/3-hairs-for-lpc,https://opengameart.org/content/lpc-hair",CC-BY-SA 3.0
hair/braid/adult/bg/thrust.png,,"Nila122,ElizaWy","OGA-BY 3.0,CC-BY-SA 3.0,GPL 3.0,GPL 2.0","https://opengameart.org/content/3-hairs-for-lpc,https://opengameart.org/content/lpc-hair",CC-BY-SA 3.0
hair/braid/adult/bg/walk.png,,"Nila122,ElizaWy","OGA-BY 3.0,CC-BY-SA 3.0,GPL 3.0,GPL 2.0","https://opengameart.org/content/3-hairs-for-lpc,https://opengameart.org/content/lpc-hair",CC-BY-SA 3.0
hair/braid/adult/fg/hurt.png,,"Nila122,ElizaWy","OGA-BY 3.0,CC-BY-SA 3.0,GPL 3.0,GPL 2.0","https://opengameart.org/content/3-hairs-for-lpc,https://opengameart.org/content/lpc-hair",CC-BY-SA 3.0
hair/braid/adult/fg/idle.png,,"Nila122,ElizaWy","OGA-BY 3.0,CC-BY-SA 3.0,GPL 3.0,GPL 2.0","https://opengameart.org/content/3-hairs-for-lpc,https://opengameart.org/content/lpc-hair",CC-BY-SA 3.0
hair/braid/adult/fg/slash.png,,"Nila122,ElizaWy","OGA-BY 3.0,CC-BY-SA 3.0,GPL 3.0,GPL 2.0","https://opengameart.org/content/3-hairs-for-lpc,https://opengameart.org/content/lpc-hair",CC-BY-SA 3.0
hair/braid/adult/fg/spellcast.png,,"Nila122,ElizaWy","OGA-BY 3.0,CC-BY-SA 3.0,GPL 3.0,GPL 2.0","https://opengameart.org/content/3-hairs-for-lpc,https://opengameart.org/content/lpc-hair",CC-BY-SA 3.0
hair/braid/adult/fg/thrust.png,,"Nila122,ElizaWy","OGA-BY 3.0,CC-BY-SA 3.0,GPL 3.0,GPL 2.0","https://opengameart.org/content/3-hairs-for-lpc,https://opengameart.org/content/lpc-hair",CC-BY-SA 3.0
hair/braid/adult/fg/walk.png,,"Nila122,ElizaWy","OGA-BY 3.0,CC-BY-SA 3.0,GPL 3.0,GPL 2.0","https://opengameart.org/content/3-hairs-for-lpc,https://opengameart.org/content/lpc-hair",CC-BY-SA 3.0
hair/braid2/adult/bg/hurt.png,(lidia),"Yamilian,bluecarrot16","CC-BY-SA 3.0,GPL 3.0","https://opengameart.org/content/lpc-heroine,https://opengameart.org/content/lpc-hair",CC-BY-SA 3.0
hair/braid2/adult/bg/idle.png,(lidia),"Yamilian,bluecarrot16","CC-BY-SA 3.0,GPL 3.0","https://opengameart.org/content/lpc-heroine,https://opengameart.org/content/lpc-hair",CC-BY-SA 3.0
hair/braid2/adult/bg/spellcast.png,(lidia),"Yamilian,bluecarrot16","CC-BY-SA 3.0,GPL 3.0","https://opengameart.org/content/lpc-heroine,https://opengameart.org/content/lpc-hair",CC-BY-SA 3.0
hair/braid2/adult/bg/thrust.png,(lidia),"Yamilian,bluecarrot16","CC-BY-SA 3.0,GPL 3.0","https://opengameart.org/content/lpc-heroine,https://opengameart.org/content/lpc-hair",CC-BY-SA 3.0
hair/braid2/adult/bg/walk.png,(lidia),"Yamilian,bluecarrot16","CC-BY-SA 3.0,GPL 3.0","https://opengameart.org/content/lpc-heroine,https://opengameart.org/content/lpc-hair",CC-BY-SA 3.0
hair/braid2/adult/fg/hurt.png,(lidia),"Yamilian,bluecarrot16","CC-BY-SA 3.0,GPL 3.0","https://opengameart.org/content/lpc-heroine,https://opengameart.org/content/lpc-hair",CC-BY-SA 3.0
hair/braid2/adult/fg/idle.png,(lidia),"Yamilian,bluecarrot16","CC-BY-SA 3.0,GPL 3.0","https://opengameart.org/content/lpc-heroine,https://opengameart.org/content/lpc-hair",CC-BY-SA 3.0
hair/braid2/adult/fg/spellcast.png,(lidia),"Yamilian,bluecarrot16","CC-BY-SA 3.0,GPL 3.0","https://opengameart.org/content/lpc-heroine,https://opengameart.org/content/lpc-hair",CC-BY-SA 3.0
hair/braid2/adult/fg/thrust.png,(lidia),"Yamilian,bluecarrot16","CC-BY-SA 3.0,GPL 3.0","https://opengameart.org/content/lpc-heroine,https://opengameart.org/content/lpc-hair",CC-BY-SA 3.0
hair/braid2/adult/fg/walk.png,(lidia),"Yamilian,bluecarrot16","CC-BY-SA 3.0,GPL 3.0","https://opengameart.org/content/lpc-heroine,https://opengameart.org/content/lpc-hair",CC-BY-SA 3.0
hair/buzzcut/adult/hurt.png,,ElizaWy,OGA-BY 3.0,https://opengameart.org/content/lpc-hair,OGA-BY 3.0
hair/buzzcut/adult/idle.png,,ElizaWy,OGA-BY 3.0,https://opengameart.org/content/lpc-hair,OGA-BY 3.0
hair/buzzcut/adult/slash.png,,ElizaWy,OGA-BY 3.0,https://opengameart.org/content/lpc-hair,OGA-BY 3.0
hair/buzzcut/adult/spellcast.png,,ElizaWy,OGA-BY 3.0,https://opengameart.org/content/lpc-hair,OGA-BY 3.0
hair/buzzcut/adult/walk.png,,ElizaWy,OGA-BY 3.0,https://opengameart.org/content/lpc-hair,OGA-BY 3.0
hair/cornrows/adult/hurt.png,"Original by bluecarrot16, animated by ElizaWy.","ElizaWy,bluecarrot16",CC0,"https://opengameart.org/content/lpc-hair,https://github.com/ElizaWy/LPC/blob/main/Characters/Hair,https://opengameart.org/content/lpc-expanded-sit-run-jump-more",CC0
hair/cornrows/adult/idle.png,"Original by bluecarrot16, animated by ElizaWy.","ElizaWy,bluecarrot16",CC0,"https://opengameart.org/content/lpc-hair,https://github.com/ElizaWy/LPC/blob/main/Characters/Hair,https://opengameart.org/content/lpc-expanded-sit-run-jump-more",CC0
hair/cornrows/adult/slash.png,"Original by bluecarrot16, animated by ElizaWy.","ElizaWy,bluecarrot16",CC0,"https://opengameart.org/content/lpc-hair,https://github.com/ElizaWy/LPC/blob/main/Characters/Hair,https://opengameart.org/content/lpc-expanded-sit-run-jump-more",CC0
hair/cornrows/adult/spellcast.png,"Original by bluecarrot16, animated by ElizaWy.","ElizaWy,bluecarrot16",CC0,"https://opengameart.org/content/lpc-hair,https://github.com/ElizaWy/LPC/blob/main/Characters/Hair,https://opengameart.org/content/lpc-expanded-sit-run-jump-more",CC0
hair/cornrows/adult/walk.png,"Original by bluecarrot16, animated by ElizaWy.","ElizaWy,bluecarrot16",CC0,"https://opengameart.org/content/lpc-hair,https://github.com/ElizaWy/LPC/blob/main/Characters/Hair,https://opengameart.org/content/lpc-expanded-sit-run-jump-more",CC0
hair/dreadlocks_long/adult/hurt.png,,bluecarrot16,CC0,https://opengameart.org/content/lpc-hair,CC0
hair/dreadlocks_long/adult/idle.png,,bluecarrot16,CC0,https://opengameart.org/content/lpc-hair,CC0
hair/dreadlocks_long/adult/slash.png,,bluecarrot16,CC0,https://opengameart.org/content/lpc-hair,CC0
hair/dreadlocks_long/adult/spellcast.png,,bluecarrot16,CC0,https://opengameart.org/content/lpc-hair,CC0
hair/dreadlocks_long/adult/thrust.png,,bluecarrot16,CC0,https://opengameart.org/content/lpc-hair,CC0
hair/dreadlocks_long/adult/walk.png,,bluecarrot16,CC0,https://opengameart.org/content/lpc-hair,CC0
hair/dreadlocks_short/adult/hurt.png,Original by bluecarrot16. Animated by ElizaWy.,"ElizaWy,bluecarrot16",CC0,"https://opengameart.org/content/lpc-hair,https://github.com/ElizaWy/LPC/blob/main/Characters/Hair,https://opengameart.org/content/lpc-expanded-sit-run-jump-more",CC0
hair/dreadlocks_short/adult/idle.png,Original by bluecarrot16. Animated by ElizaWy.,"ElizaWy,bluecarrot16",CC0,"https://opengameart.org/content/lpc-hair,https://github.com/ElizaWy/LPC/blob/main/Characters/Hair,https://opengameart.org/content/lpc-expanded-sit-run-jump-more",CC0
hair/dreadlocks_short/adult/spellcast.png,Original by bluecarrot16. Animated by ElizaWy.,"ElizaWy,bluecarrot16",CC0,"https://opengameart.org/content/lpc-hair,https://github.com/ElizaWy/LPC/blob/main/Characters/Hair,https://opengameart.org/content/lpc-expanded-sit-run-jump-more",CC0
hair/dreadlocks_short/adult/thrust.png,Original by bluecarrot16. Animated by ElizaWy.,"ElizaWy,bluecarrot16",CC0,"https://opengameart.org/content/lpc-hair,https://github.com/ElizaWy/LPC/blob/main/Characters/Hair,https://opengameart.org/content/lpc-expanded-sit-run-jump-more",CC0
hair/dreadlocks_short/adult/walk.png,Original by bluecarrot16. Animated by ElizaWy.,"ElizaWy,bluecarrot16",CC0,"https://opengameart.org/content/lpc-hair,https://github.com/ElizaWy/LPC/blob/main/Characters/Hair,https://opengameart.org/content/lpc-expanded-sit-run-jump-more",CC0
hair/extensions/ponytails/topknot_short/adult/hurt.png,,JaidynReiman,"OGA-BY 3.0+,CC-BY 3.0+,CC-BY-SA 3.0,GPL 3.0",https://opengameart.org/content/lpc-1-hairstyle-2-hair-extensions-3-previously-unofficially-released-hairstyles,CC-BY-SA 3.0
hair/extensions/ponytails/topknot_short/adult/idle.png,,JaidynReiman,"OGA-BY 3.0+,CC-BY 3.0+,CC-BY-SA 3.0,GPL 3.0",https://opengameart.org/content/lpc-1-hairstyle-2-hair-extensions-3-previously-unofficially-released-hairstyles,CC-BY-SA 3.0
hair/extensions/ponytails/topknot_short/adult/spellcast.png,,JaidynReiman,"OGA-BY 3.0+,CC-BY 3.0+,CC-BY-SA 3.0,GPL 3.0",https://opengameart.org/content/lpc-1-hairstyle-2-hair-extensions-3-previously-unofficially-released-hairstyles,CC-BY-SA 3.0
hair/extensions/ponytails/topknot_short/adult/thrust.png,,JaidynReiman,"OGA-BY 3.0+,CC-BY 3.0+,CC-BY-SA 3.0,GPL 3.0",https://opengameart.org/content/lpc-1-hairstyle-2-hair-extensions-3-previously-unofficially-released-hairstyles,CC-BY-SA 3.0
hair/extensions/ponytails/topknot_short/adult/walk.png,,JaidynReiman,"OGA-BY 3.0+,CC-BY 3.0+,CC-BY-SA 3.0,GPL 3.0",https://opengameart.org/content/lpc-1-hairstyle-2-hair-extensions-3-previously-unofficially-released-hairstyles,CC-BY-SA 3.0
hair/halfmessy/adult/hurt.png,,"Nila122,bluecarrot16","OGA-BY 3.0,CC-BY-SA 3.0,GPL 3.0,GPL 2.0","https://opengameart.org/content/more-lpc-clothes-and-hair,https://opengameart.org/content/lpc-hair",CC-BY-SA 3.0
hair/halfmessy/adult/idle.png,,"Nila122,bluecarrot16","OGA-BY 3.0,CC-BY-SA 3.0,GPL 3.0,GPL 2.0","https://opengameart.org/content/more-lpc-clothes-and-hair,https://opengameart.org/content/lpc-hair",CC-BY-SA 3.0
hair/halfmessy/adult/shoot.png,,"Nila122,bluecarrot16","OGA-BY 3.0,CC-BY-SA 3.0,GPL 3.0,GPL 2.0","https://opengameart.org/content/more-lpc-clothes-and-hair,https://opengameart.org/content/lpc-hair",CC-BY-SA 3.0
hair/halfmessy/adult/spellcast.png,,"Nila122,bluecarrot16","OGA-BY 3.0,CC-BY-SA 3.0,GPL 3.0,GPL 2.0","https://opengameart.org/content/more-lpc-clothes-and-hair,https://opengameart.org/content/lpc-hair",CC-BY-SA 3.0
hair/halfmessy/adult/walk.png,,"Nila122,bluecarrot16","OGA-BY 3.0,CC-BY-SA 3.0,GPL 3.0,GPL 2.0","https://opengameart.org/content/more-lpc-clothes-and-hair,https://opengameart.org/content/lpc-hair",CC-BY-SA 3.0
hair/long/adult/hurt.png,,"JaidynReiman,Manuel Riecke (MrBeast)","CC-BY-SA 3.0,GPL 3.0","https://opengameart.org/content/liberated-pixel-cup-lpc-base-assets-sprites-map-tiles,https://opengameart.org/content/lpc-expanded-hair",CC-BY-SA 3.0
hair/long/adult/idle.png,,"JaidynReiman,Manuel Riecke (MrBeast)","CC-BY-SA 3.0,GPL 3.0","https://opengameart.org/content/liberated-pixel-cup-lpc-base-assets-sprites-map-tiles,https://opengameart.org/content/lpc-expanded-hair",CC-BY-SA 3.0
hair/long/adult/spellcast.png,,"JaidynReiman,Manuel Riecke (MrBeast)","CC-BY-SA 3.0,GPL 3.0","https://opengameart.org/content/liberated-pixel-cup-lpc-base-assets-sprites-map-tiles,https://opengameart.org/content/lpc-expanded-hair",CC-BY-SA 3.0
hair/long/adult/thrust.png,,"JaidynReiman,Manuel Riecke (MrBeast)","CC-BY-SA 3.0,GPL 3.0","https://opengameart.org/content/liberated-pixel-cup-lpc-base-assets-sprites-map-tiles,https://opengameart.org/content/lpc-expanded-hair",CC-BY-SA 3.0
hair/long/adult/walk.png,,"JaidynReiman,Manuel Riecke (MrBeast)","CC-BY-SA 3.0,GPL 3.0","https://opengameart.org/content/liberated-pixel-cup-lpc-base-assets-sprites-map-tiles,https://opengameart.org/content/lpc-expanded-hair",CC-BY-SA 3.0
hair/long_band/adult/bg/hurt.png,,"Mandi Paugh,bluecarrot16",CC-BY-SA 3.0,"https://opengameart.org/content/fantasy-rpg-npcs,https://opengameart.org/content/lpc-hair",CC-BY-SA 3.0
hair/long_band/adult/bg/idle.png,,"Mandi Paugh,bluecarrot16",CC-BY-SA 3.0,"https://opengameart.org/content/fantasy-rpg-npcs,https://opengameart.org/content/lpc-hair",CC-BY-SA 3.0
hair/long_band/adult/bg/slash.png,,"Mandi Paugh,bluecarrot16",CC-BY-SA 3.0,"https://opengameart.org/content/fantasy-rpg-npcs,https://opengameart.org/content/lpc-hair",CC-BY-SA 3.0
hair/long_band/adult/bg/spellcast.png,,"Mandi Paugh,bluecarrot16",CC-BY-SA 3.0,"https://opengameart.org/content/fantasy-rpg-npcs,https://opengameart.org/content/lpc-hair",CC-BY-SA 3.0
hair/long_band/adult/bg/thrust.png,,"Mandi Paugh,bluecarrot16",CC-BY-SA 3.0,"https://opengameart.org/content/fantasy-rpg-npcs,https://opengameart.org/content/lpc-hair",CC-BY-SA 3.0
hair/long_band/adult/bg/walk.png,,"Mandi Paugh,bluecarrot16",CC-BY-SA 3.0,"https://opengameart.org/content/fantasy-rpg-npcs,https://opengameart.org/content/lpc-hair",CC-BY-SA 3.0
hair/long_band/adult/fg/hurt.png,,"Mandi Paugh,bluecarrot16",CC-BY-SA 3.0,"https://opengameart.org/content/fantasy-rpg-npcs,https://opengameart.org/content/lpc-hair",CC-BY-SA 3.0
hair/long_band/adult/fg/idle.png,,"Mandi Paugh,bluecarrot16",CC-BY-SA 3.0,"https://opengameart.org/content/fantasy-rpg-npcs,https://opengameart.org/content/lpc-hair",CC-BY-SA 3.0
hair/long_band/adult/fg/slash.png,,"Mandi Paugh,bluecarrot16",CC-BY-SA 3.0,"https://opengameart.org/content/fantasy-rpg-npcs,https://opengameart.org/content/lpc-hair",CC-BY-SA 3.0
hair/long_band/adult/fg/spellcast.png,,"Mandi Paugh,bluecarrot16",CC-BY-SA 3.0,"https://opengameart.org/content/fantasy-rpg-npcs,https://opengameart.org/content/lpc-hair",CC-BY-SA 3.0
hair/long_band/adult/fg/thrust.png,,"Mandi Paugh,bluecarrot16",CC-BY-SA 3.0,"https://opengameart.org/content/fantasy-rpg-npcs,https://opengameart.org/content/lpc-hair",CC-BY-SA 3.0
hair/long_band/adult/fg/walk.png,,"Mandi Paugh,bluecarrot16",CC-BY-SA 3.0,"https://opengameart.org/content/fantasy-rpg-npcs,https://opengameart.org/content/lpc-hair",CC-BY-SA 3.0
hair/long_messy/adult/hurt.png,(puck),"Mandi Paugh,bluecarrot16","GPL 2.0,GPL 3.0,CC-BY 3.0","https://opengameart.org/content/puck-overland,https://opengameart.org/content/lpc-hair",CC-BY 3.0
hair/long_messy/adult/idle.png,(puck),"Mandi Paugh,bluecarrot16","GPL 2.0,GPL 3.0,CC-BY 3.0","https://opengameart.org/content/puck-overland,https://opengameart.org/content/lpc-hair",CC-BY 3.0
hair/long_messy/adult/slash.png,(puck),"Mandi Paugh,bluecarrot16","GPL 2.0,GPL 3.0,CC-BY 3.0","https://opengameart.org/content/puck-overland,https://opengameart.org/content/lpc-hair",CC-BY 3.0
hair/long_messy/adult/spellcast.png,(puck),"Mandi Paugh,bluecarrot16","GPL 2.0,GPL 3.0,CC-BY 3.0","https://opengameart.org/content/puck-overland,https://opengameart.org/content/lpc-hair",CC-BY 3.0
hair/long_messy/adult/thrust.png,(puck),"Mandi Paugh,bluecarrot16","GPL 2.0,GPL 3.0,CC-BY 3.0","https://opengameart.org/content/puck-overland,https://opengameart.org/content/lpc-hair",CC-BY 3.0
hair/long_messy/adult/walk.png,(puck),"Mandi Paugh,bluecarrot16","GPL 2.0,GPL 3.0,CC-BY 3.0","https://opengameart.org/content/puck-overland,https://opengameart.org/content/lpc-hair",CC-BY 3.0
hair/long_messy2/adult/hurt.png,(shura),"Yamilian,bluecarrot16","CC-BY-SA 3.0,GPL 3.0","https://opengameart.org/content/lpc-heroine-2,https://opengameart.org/content/lpc-hair",CC-BY-SA 3.0
hair/long_messy2/adult/idle.png,(shura),"Yamilian,bluecarrot16","CC-BY-SA 3.0,GPL 3.0","https://opengameart.org/content/lpc-heroine-2,https://opengameart.org/content/lpc-hair",CC-BY-SA 3.0
hair/long_messy2/adult/slash.png,(shura),"Yamilian,bluecarrot16","CC-BY-SA 3.0,GPL 3.0","https://opengameart.org/content/lpc-heroine-2,https://opengameart.org/content/lpc-hair",CC-BY-SA 3.0
hair/long_messy2/adult/spellcast.png,(shura),"Yamilian,bluecarrot16","CC-BY-SA 3.0,GPL 3.0","https://opengameart.org/content/lpc-heroine-2,https://opengameart.org/content/lpc-hair",CC-BY-SA 3.0
hair/long_messy2/adult/walk.png,(shura),"Yamilian,bluecarrot16","CC-BY-SA 3.0,GPL 3.0","https://opengameart.org/content/lpc-heroine-2,https://opengameart.org/content/lpc-hair",CC-BY-SA 3.0
hair/long_tied/adult/bg/hurt.png,,"JaidynReiman,thecilekli,bluecarrot16",CC0,"https://opengameart.org/content/lpc-long-tied-hair-with-12-colors,https://opengameart.org/content/lpc-hair,https://opengameart.org/content/lpc-expanded-hair",CC0
hair/long_tied/adult/bg/idle.png,,"JaidynReiman,thecilekli,bluecarrot16",CC0,"https://opengameart.org/content/lpc-long-tied-hair-with-12-colors,https://opengameart.org/content/lpc-hair,https://opengameart.org/content/lpc-expanded-hair",CC0
hair/long_tied/adult/bg/spellcast.png,,"JaidynReiman,thecilekli,bluecarrot16",CC0,"https://opengameart.org/content/lpc-long-tied-hair-with-12-colors,https://opengameart.org/content/lpc-hair,https://opengameart.org/content/lpc-expanded-hair",CC0
hair/long_tied/adult/bg/thrust.png,,"JaidynReiman,thecilekli,bluecarrot16",CC0,"https://opengameart.org/content/lpc-long-tied-hair-with-12-colors,https://opengameart.org/content/lpc-hair,https://opengameart.org/content/lpc-expanded-hair",CC0
hair/long_tied/adult/bg/walk.png,,"JaidynReiman,thecilekli,bluecarrot16",CC0,"https://opengameart.org/content/lpc-long-tied-hair-with-12-colors,https://opengameart.org/content/lpc-hair,https://opengameart.org/content/lpc-expanded-hair",CC0
hair/long_tied/adult/fg/hurt.png,,"JaidynReiman,thecilekli,bluecarrot16",CC0,"https://opengameart.org/content/lpc-long-tied-hair-with-12-colors,https://opengameart.org/content/lpc-hair,https://opengameart.org/content/lpc-expanded-hair",CC0
hair/long_tied/adult/fg/idle.png,,"JaidynReiman,thecilekli,bluecarrot16",CC0,"https://opengameart.org/content/lpc-long-tied-hair-with-12-colors,https://opengameart.org/content/lpc-hair,https://opengameart.org/content/lpc-expanded-hair",CC0
hair/long_tied/adult/fg/spellcast.png,,"JaidynReiman,thecilekli,bluecarrot16",CC0,"https://opengameart.org/content/lpc-long-tied-hair-with-12-colors,https://opengameart.org/content/lpc-hair,https://opengameart.org/content/lpc-expanded-hair",CC0
hair/long_tied/adult/fg/thrust.png,,"JaidynReiman,thecilekli,bluecarrot16",CC0,"https://opengameart.org/content/lpc-long-tied-hair-with-12-colors,https://opengameart.org/content/lpc-hair,https://opengameart.org/content/lpc-expanded-hair",CC0
hair/long_tied/adult/fg/walk.png,,"JaidynReiman,thecilekli,bluecarrot16",CC0,"https://opengameart.org/content/lpc-long-tied-hair-with-12-colors,https://opengameart.org/content/lpc-hair,https://opengameart.org/content/lpc-expanded-hair",CC0
hair/longhawk/adult/hurt.png,,"JaidynReiman,Manuel Riecke (MrBeast)","CC-BY-SA 3.0,GPL 3.0","https://opengameart.org/content/liberated-pixel-cup-lpc-base-assets-sprites-map-tiles,https://opengameart.org/content/lpc-expanded-hair",CC-BY-SA 3.0
hair/longhawk/adult/idle.png,,"JaidynReiman,Manuel Riecke (MrBeast)","CC-BY-SA 3.0,GPL 3.0","https://opengameart.org/content/liberated-pixel-cup-lpc-base-assets-sprites-map-tiles,https://opengameart.org/content/lpc-expanded-hair",CC-BY-SA 3.0
hair/longhawk/adult/slash.png,,"JaidynReiman,Manuel Riecke (MrBeast)","CC-BY-SA 3.0,GPL 3.0","https://opengameart.org/content/liberated-pixel-cup-lpc-base-assets-sprites-map-tiles,https://opengameart.org/content/lpc-expanded-hair",CC-BY-SA 3.0
hair/longhawk/adult/spellcast.png,,"JaidynReiman,Manuel Riecke (MrBeast)","CC-BY-SA 3.0,GPL 3.0","https://opengameart.org/content/liberated-pixel-cup-lpc-base-assets-sprites-map-tiles,https://opengameart.org/content/lpc-expanded-hair",CC-BY-SA 3.0
hair/longhawk/adult/walk.png,,"JaidynReiman,Manuel Riecke (MrBeast)","CC-BY-SA 3.0,GPL 3.0","https://opengameart.org/content/liberated-pixel-cup-lpc-base-assets-sprites-map-tiles,https://opengameart.org/content/lpc-expanded-hair",CC-BY-SA 3.0
hair/messy1/adult/hurt.png,,"JaidynReiman,Manuel Riecke (MrBeast)","CC-BY-SA 3.0,GPL 3.0","https://opengameart.org/content/liberated-pixel-cup-lpc-base-assets-sprites-map-tiles,https://opengameart.org/content/lpc-expanded-hair",CC-BY-SA 3.0
hair/messy1/adult/idle.png,,"JaidynReiman,Manuel Riecke (MrBeast)","CC-BY-SA 3.0,GPL 3.0","https://opengameart.org/content/liberated-pixel-cup-lpc-base-assets-sprites-map-tiles,https://opengameart.org/content/lpc-expanded-hair",CC-BY-SA 3.0
hair/messy1/adult/spellcast.png,,"JaidynReiman,Manuel Riecke (MrBeast)","CC-BY-SA 3.0,GPL 3.0","https://opengameart.org/content/liberated-pixel-cup-lpc-base-assets-sprites-map-tiles,https://opengameart.org/content/lpc-expanded-hair",CC-BY-SA 3.0
hair/messy1/adult/thrust.png,,"JaidynReiman,Manuel Riecke (MrBeast)","CC-BY-SA 3.0,GPL 3.0","https://opengameart.org/content/liberated-pixel-cup-lpc-base-assets-sprites-map-tiles,https://opengameart.org/content/lpc-expanded-hair",CC-BY-SA 3.0
hair/messy1/adult/walk.png,,"JaidynReiman,Manuel Riecke (MrBeast)","CC-BY-SA 3.0,GPL 3.0","https://opengameart.org/content/liberated-pixel-cup-lpc-base-assets-sprites-map-tiles,https://opengameart.org/content/lpc-expanded-hair",CC-BY-SA 3.0
hair/messy2/adult/hurt.png,,"JaidynReiman,Manuel Riecke (MrBeast)","CC-BY-SA 3.0,GPL 3.0","https://opengameart.org/content/liberated-pixel-cup-lpc-base-assets-sprites-map-tiles,https://opengameart.org/content/lpc-expanded-hair",CC-BY-SA 3.0
hair/messy2/adult/idle.png,,"JaidynReiman,Manuel Riecke (MrBeast)","CC-BY-SA 3.0,GPL 3.0","https://opengameart.org/content/liberated-pixel-cup-lpc-base-assets-sprites-map-tiles,https://opengameart.org/content/lpc-expanded-hair",CC-BY-SA 3.0
hair/messy2/adult/slash.png,,"JaidynReiman,Manuel Riecke (MrBeast)","CC-BY-SA 3.0,GPL 3.0","https://opengameart.org/content/liberated-pixel-cup-lpc-base-assets-sprites-map-tiles,https://opengameart.org/content/lpc-expanded-hair",CC-BY-SA 3.0
hair/messy2/adult/spellcast.png,,"JaidynReiman,Manuel Riecke (MrBeast)","CC-BY-SA 3.0,GPL 3.0","https://opengameart.org/content/liberated-pixel-cup-lpc-base-assets-sprites-map-tiles,https://opengameart.org/content/lpc-expanded-hair",CC-BY-SA 3.0
hair/messy2/adult/walk.png,,"JaidynReiman,Manuel Riecke (MrBeast)","CC-BY-SA 3.0,GPL 3.0","https://opengameart.org/content/liberated-pixel-cup-lpc-base-assets-sprites-map-tiles,https://opengameart.org/content/lpc-expanded-hair",CC-BY-SA 3.0
hair/messy3/adult/hurt.png,,"Fabzy,bluecarrot16",CC-BY-SA 3.0,"https://opengameart.org/content/the-revolution-hair,https://opengameart.org/content/lpc-hair",CC-BY-SA 3.0
hair/messy3/adult/idle.png,,"Fabzy,bluecarrot16",CC-BY-SA 3.0,"https://opengameart.org/content/the-revolution-hair,https://opengameart.org/content/lpc-hair",CC-BY-SA 3.0
hair/messy3/adult/slash.png,,"Fabzy,bluecarrot16",CC-BY-SA 3.0,"https://opengameart.org/content/the-revolution-hair,https://opengameart.org/content/lpc-hair",CC-BY-SA 3.0
hair/messy3/adult/spellcast.png,,"Fabzy,bluecarrot16",CC-BY-SA 3.0,"https://opengameart.org/content/the-revolution-hair,https://opengameart.org/content/lpc-hair",CC-BY-SA 3.0
hair/messy3/adult/walk.png,,"Fabzy,bluecarrot16",CC-BY-SA 3.0,"https://opengameart.org/content/the-revolution-hair,https://opengameart.org/content/lpc-hair",CC-BY-SA 3.0
hair/parted_side_bangs/adult/hurt.png,,JaidynReiman,"OGA-BY 3.0+,CC-BY 3.0+,CC-BY-SA 3.0,GPL 3.0","https://opengameart.org/content/lpc-1-hairstyle-2-hair-extensions-3-previously-unofficially-released-hairstyles,https://github.com/jrconway3/Universal-LPC-spritesheet/commit/46ddcf05a0e43e7aa6ffd47d350eef0eb529ac24",CC-BY-SA 3.0
hair/parted_side_bangs/adult/idle.png,,JaidynReiman,"OGA-BY 3.0+,CC-BY 3.0+,CC-BY-SA 3.0,GPL 3.0","https://opengameart.org/content/lpc-1-hairstyle-2-hair-extensions-3-previously-unofficially-released-hairstyles,https://github.com/jrconway3/Universal-LPC-spritesheet/commit/46ddcf05a0e43e7aa6ffd47d350eef0eb529ac24",CC-BY-SA 3.0
hair/parted_side_bangs/adult/spellcast.png,,JaidynReiman,"OGA-BY 3.0+,CC-BY 3.0+,CC-BY-SA 3.0,GPL 3.0","https://opengameart.org/content/lpc-1-hairstyle-2-hair-extensions-3-previously-unofficially-released-hairstyles,https://github.com/jrconway3/Universal-LPC-spritesheet/commit/46ddcf05a0e43e7aa6ffd47d350eef0eb529ac24",CC-BY-SA 3.0
hair/parted_side_bangs/adult/thrust.png,,JaidynReiman,"OGA-BY 3.0+,CC-BY 3.0+,CC-BY-SA 3.0,GPL 3.0","https://opengameart.org/content/lpc-1-hairstyle-2-hair-extensions-3-previously-unofficially-released-hairstyles,https://github.com/jrconway3/Universal-LPC-spritesheet/commit/46ddcf05a0e43e7aa6ffd47d350eef0eb529ac24",CC-BY-SA 3.0
hair/parted_side_bangs/adult/walk.png,,JaidynReiman,"OGA-BY 3.0+,CC-BY 3.0+,CC-BY-SA 3.0,GPL 3.0","https://opengameart.org/content/lpc-1-hairstyle-2-hair-extensions-3-previously-unofficially-released-hairstyles,https://github.com/jrconway3/Universal-LPC-spritesheet/commit/46ddcf05a0e43e7aa6ffd47d350eef0eb529ac24",CC-BY-SA 3.0
hair/pixie/adult/hurt.png,,"JaidynReiman,Manuel Riecke (MrBeast)","CC-BY-SA 3.0,GPL 3.0","https://opengameart.org/content/liberated-pixel-cup-lpc-base-assets-sprites-map-tiles,https://opengameart.org/content/lpc-expanded-hair",CC-BY-SA 3.0
hair/pixie/adult/idle.png,,"JaidynReiman,Manuel Riecke (MrBeast)","CC-BY-SA 3.0,GPL 3.0","https://opengameart.org/content/liberated-pixel-cup-lpc-base-assets-sprites-map-tiles,https://opengameart.org/content/lpc-expanded-hair",CC-BY-SA 3.0
hair/pixie/adult/slash.png,,"JaidynReiman,Manuel Riecke (MrBeast)","CC-BY-SA 3.0,GPL 3.0","https://opengameart.org/content/liberated-pixel-cup-lpc-base-assets-sprites-map-tiles,https://opengameart.org/content/lpc-expanded-hair",CC-BY-SA 3.0
hair/pixie/adult/spellcast.png,,"JaidynReiman,Manuel Riecke (MrBeast)","CC-BY-SA 3.0,GPL 3.0","https://opengameart.org/content/liberated-pixel-cup-lpc-base-assets-sprites-map-tiles,https://opengameart.org/content/lpc-expanded-hair",CC-BY-SA 3.0
hair/pixie/adult/walk.png,,"JaidynReiman,Manuel Riecke (MrBeast)","CC-BY-SA 3.0,GPL 3.0","https://opengameart.org/content/liberated-pixel-cup-lpc-base-assets-sprites-map-tiles,https://opengameart.org/content/lpc-expanded-hair",CC-BY-SA 3.0
hair/ponytail/adult/bg/hurt.png,,"JaidynReiman,Manuel Riecke (MrBeast)","CC-BY-SA 3.0,GPL 3.0","https://opengameart.org/content/liberated-pixel-cup-lpc-base-assets-sprites-map-tiles,https://opengameart.org/content/lpc-expanded-hair",CC-BY-SA 3.0
hair/ponytail/adult/bg/idle.png,,"JaidynReiman,Manuel Riecke (MrBeast)","CC-BY-SA 3.0,GPL 3.0","https://opengameart.org/content/liberated-pixel-cup-lpc-base-assets-sprites-map-tiles,https://opengameart.org/content/lpc-expanded-hair",CC-BY-SA 3.0
hair/ponytail/adult/bg/spellcast.png,,"JaidynReiman,Manuel Riecke (MrBeast)","CC-BY-SA 3.0,GPL 3.0","https://opengameart.org/content/liberated-pixel-cup-lpc-base-assets-sprites-map-tiles,https://opengameart.org/content/lpc-expanded-hair",CC-BY-SA 3.0
hair/ponytail/adult/bg/thrust.png,,"JaidynReiman,Manuel Riecke (MrBeast)","CC-BY-SA 3.0,GPL 3.0","https://opengameart.org/content/liberated-pixel-cup-lpc-base-assets-sprites-map-tiles,https://opengameart.org/content/lpc-expanded-hair",CC-BY-SA 3.0
hair/ponytail/adult/bg/walk.png,,"JaidynReiman,Manuel Riecke (MrBeast)","CC-BY-SA 3.0,GPL 3.0","https://opengameart.org/content/liberated-pixel-cup-lpc-base-assets-sprites-map-tiles,https://opengameart.org/content/lpc-expanded-hair",CC-BY-SA 3.0
hair/ponytail/adult/fg/hurt.png,,"JaidynReiman,Manuel Riecke (MrBeast)","CC-BY-SA 3.0,GPL 3.0","https://opengameart.org/content/liberated-pixel-cup-lpc-base-assets-sprites-map-tiles,https://opengameart.org/content/lpc-expanded-hair",CC-BY-SA 3.0
hair/ponytail/adult/fg/idle.png,,"JaidynReiman,Manuel Riecke (MrBeast)","CC-BY-SA 3.0,GPL 3.0","https://opengameart.org/content/liberated-pixel-cup-lpc-base-assets-sprites-map-tiles,https://opengameart.org/content/lpc-expanded-hair",CC-BY-SA 3.0
hair/ponytail/adult/fg/spellcast.png,,"JaidynReiman,Manuel Riecke (MrBeast)","CC-BY-SA 3.0,GPL 3.0","https://opengameart.org/content/liberated-pixel-cup-lpc-base-assets-sprites-map-tiles,https://opengameart.org/content/lpc-expanded-hair",CC-BY-SA 3.0
hair/ponytail/adult/fg/thrust.png,,"JaidynReiman,Manuel Riecke (MrBeast)","CC-BY-SA 3.0,GPL 3.0","https://opengameart.org/content/liberated-pixel-cup-lpc-base-assets-sprites-map-tiles,https://opengameart.org/content/lpc-expanded-hair",CC-BY-SA 3.0
hair/ponytail/adult/fg/walk.png,,"JaidynReiman,Manuel Riecke (MrBeast)","CC-BY-SA 3.0,GPL 3.0","https://opengameart.org/content/liberated-pixel-cup-lpc-base-assets-sprites-map-tiles,https://opengameart.org/content/lpc-expanded-hair",CC-BY-SA 3.0
hair/ponytail2/adult/bg/hurt.png,,"JaidynReiman,Manuel Riecke (MrBeast),Joe White","OGA-BY 3.0,CC-BY-SA 3.0,GPL 3.0","https://opengameart.org/content/liberated-pixel-cup-lpc-base-assets-sprites-map-tiles,https://opengameart.org/content/ponytail-and-plain-hairstyles,https://opengameart.org/content/lpc-expanded-hair",CC-BY-SA 3.0
hair/ponytail2/adult/bg/idle.png,,"JaidynReiman,Manuel Riecke (MrBeast),Joe White","OGA-BY 3.0,CC-BY-SA 3.0,GPL 3.0","https://opengameart.org/content/liberated-pixel-cup-lpc-base-assets-sprites-map-tiles,https://opengameart.org/content/ponytail-and-plain-hairstyles,https://opengameart.org/content/lpc-expanded-hair",CC-BY-SA 3.0
hair/ponytail2/adult/bg/shoot.png,,"JaidynReiman,Manuel Riecke (MrBeast),Joe White","OGA-BY 3.0,CC-BY-SA 3.0,GPL 3.0","https://opengameart.org/content/liberated-pixel-cup-lpc-base-assets-sprites-map-tiles,https://opengameart.org/content/ponytail-and-plain-hairstyles,https://opengameart.org/content/lpc-expanded-hair",CC-BY-SA 3.0
hair/ponytail2/adult/bg/spellcast.png,,"JaidynReiman,Manuel Riecke (MrBeast),Joe White","OGA-BY 3.0,CC-BY-SA 3.0,GPL 3.0","https://opengameart.org/content/liberated-pixel-cup-lpc-base-assets-sprites-map-tiles,https://opengameart.org/content/ponytail-and-plain-hairstyles,https://opengameart.org/content/lpc-expanded-hair",CC-BY-SA 3.0
hair/ponytail2/adult/bg/walk.png,,"JaidynReiman,Manuel Riecke (MrBeast),Joe White","OGA-BY 3.0,CC-BY-SA 3.0,GPL 3.0","https://opengameart.org/content/liberated-pixel-cup-lpc-base-assets-sprites-map-tiles,https://opengameart.org/content/ponytail-and-plain-hairstyles,https://opengameart.org/content/lpc-expanded-hair",CC-BY-SA 3.0
hair/ponytail2/adult/fg/hurt.png,,"JaidynReiman,Manuel Riecke (MrBeast),Joe White","OGA-BY 3.0,CC-BY-SA 3.0,GPL 3.0","https://opengameart.org/content/liberated-pixel-cup-lpc-base-assets-sprites-map-tiles,https://opengameart.org/content/ponytail-and-plain-hairstyles,https://opengameart.org/content/lpc-expanded-hair",CC-BY-SA 3.0
hair/ponytail2/adult/fg/idle.png,,"JaidynReiman,Manuel Riecke (MrBeast),Joe White","OGA-BY 3.0,CC-BY-SA 3.0,GPL 3.0","https://opengameart.org/content/liberated-pixel-cup-lpc-base-assets-sprites-map-tiles,https://opengameart.org/content/ponytail-and-plain-hairstyles,https://opengameart.org/content/lpc-expanded-hair",CC-BY-SA 3.0
hair/ponytail2/adult/fg/shoot.png,,"JaidynReiman,Manuel Riecke (MrBeast),Joe White","OGA-BY 3.0,CC-BY-SA 3.0,GPL 3.0","https://opengameart.org/content/liberated-pixel-cup-lpc-base-assets-sprites-map-tiles,https://opengameart.org/content/ponytail-and-plain-hairstyles,https://opengameart.org/content/lpc-expanded-hair",CC-BY-SA 3.0
hair/ponytail2/adult/fg/spellcast.png,,"JaidynReiman,Manuel Riecke (MrBeast),Joe White","OGA-BY 3.0,CC-BY-SA 3.0,GPL 3.0","https://opengameart.org/content/liberated-pixel-cup-lpc-base-assets-sprites-map-tiles,https://opengameart.org/content/ponytail-and-plain-hairstyles,https://opengameart.org/content/lpc-expanded-hair",CC-BY-SA 3.0
hair/ponytail2/adult/fg/walk.png,,"JaidynReiman,Manuel Riecke (MrBeast),Joe White","OGA-BY 3.0,CC-BY-SA 3.0,GPL 3.0","https://opengameart.org/content/liberated-pixel-cup-lpc-base-assets-sprites-map-tiles,https://opengameart.org/content/ponytail-and-plain-hairstyles,https://opengameart.org/content/lpc-expanded-hair",CC-BY-SA 3.0
hair/shorthawk/adult/hurt.png,,"JaidynReiman,Manuel Riecke (MrBeast)","CC-BY-SA 3.0,GPL 3.0","https://opengameart.org/content/liberated-pixel-cup-lpc-base-assets-sprites-map-tiles,https://opengameart.org/content/lpc-expanded-hair",CC-BY-SA 3.0
hair/shorthawk/adult/idle.png,,"JaidynReiman,Manuel Riecke (MrBeast)","CC-BY-SA 3.0,GPL 3.0","https://opengameart.org/content/liberated-pixel-cup-lpc-base-assets-sprites-map-tiles,https://opengameart.org/content/lpc-expanded-hair",CC-BY-SA 3.0
hair/shorthawk/adult/slash.png,,"JaidynReiman,Manuel Riecke (MrBeast)","CC-BY-SA 3.0,GPL 3.0","https://opengameart.org/content/liberated-pixel-cup-lpc-base-assets-sprites-map-tiles,https://opengameart.org/content/lpc-expanded-hair",CC-BY-SA 3.0
hair/shorthawk/adult/spellcast.png,,"JaidynReiman,Manuel Riecke (MrBeast)","CC-BY-SA 3.0,GPL 3.0","https://opengameart.org/content/liberated-pixel-cup-lpc-base-assets-sprites-map-tiles,https://opengameart.org/content/lpc-expanded-hair",CC-BY-SA 3.0
hair/shorthawk/adult/walk.png,,"JaidynReiman,Manuel Riecke (MrBeast)","CC-BY-SA 3.0,GPL 3.0","https://opengameart.org/content/liberated-pixel-cup-lpc-base-assets-sprites-map-tiles,https://opengameart.org/content/lpc-expanded-hair",CC-BY-SA 3.0
hair/spiked/adult/hurt.png,,kcilds/Rocetti/Eredah,CC-BY 4.0,"https://opengameart.org/content/eredah-rpg-character-base-48x64-ongoing,https://opengameart.org/content/lpc-hair",CC-BY 4.0
hair/spiked/adult/idle.png,,kcilds/Rocetti/Eredah,CC-BY 4.0,"https://opengameart.org/content/eredah-rpg-character-base-48x64-ongoing,https://opengameart.org/content/lpc-hair",CC-BY 4.0
hair/spiked/adult/slash.png,,kcilds/Rocetti/Eredah,CC-BY 4.0,"https://opengameart.org/content/eredah-rpg-character-base-48x64-ongoing,https://opengameart.org/content/lpc-hair",CC-BY 4.0
hair/spiked/adult/spellcast.png,,kcilds/Rocetti/Eredah,CC-BY 4.0,"https://opengameart.org/content/eredah-rpg-character-base-48x64-ongoing,https://opengameart.org/content/lpc-hair",CC-BY 4.0
hair/spiked/adult/walk.png,,kcilds/Rocetti/Eredah,CC-BY 4.0,"https://opengameart.org/content/eredah-rpg-character-base-48x64-ongoing,https://opengameart.org/content/lpc-hair",CC-BY 4.0
hair/spiked2/adult/hurt.png,,"Fabzy,bluecarrot16",CC-BY-SA 3.0,"https://opengameart.org/content/the-revolution-hair,https://opengameart.org/content/lpc-hair",CC-BY-SA 3.0
hair/spiked2/adult/idle.png,,"Fabzy,bluecarrot16",CC-BY-SA 3.0,"https://opengameart.org/content/the-revolution-hair,https://opengameart.org/content/lpc-hair",CC-BY-SA 3.0
hair/spiked2/adult/slash.png,,"Fabzy,bluecarrot16",CC-BY-SA 3.0,"https://opengameart.org/content/the-revolution-hair,https://opengameart.org/content/lpc-hair",CC-BY-SA 3.0
hair/spiked2/adult/spellcast.png,,"Fabzy,bluecarrot16",CC-BY-SA 3.0,"https://opengameart.org/content/the-revolution-hair,https://opengameart.org/content/lpc-hair",CC-BY-SA 3.0
hair/spiked2/adult/walk.png,,"Fabzy,bluecarrot16",CC-BY-SA 3.0,"https://opengameart.org/content/the-revolution-hair,https://opengameart.org/content/lpc-hair",CC-BY-SA 3.0
hair/xlong/adult/bg/hurt.png,"Original by Nila122; cleaned up, resplit into separate layers, and added jump/run/sit/revised combat by JaidynReiman","JaidynReiman,Nila122","OGA-BY 3.0,CC-BY-SA 3.0,GPL 2.0,GPL 3.0","https://opengameart.org/content/lpc-clothes-and-hair,https://opengameart.org/content/lpc-expanded-xlong-hair",CC-BY-SA 3.0
hair/xlong/adult/bg/idle.png,"Original by Nila122; cleaned up, resplit into separate layers, and added jump/run/sit/revised combat by JaidynReiman","JaidynReiman,Nila122","OGA-BY 3.0,CC-BY-SA 3.0,GPL 2.0,GPL 3.0","https://opengameart.org/content/lpc-clothes-and-hair,https://opengameart.org/content/lpc-expanded-xlong-hair",CC-BY-SA 3.0
hair/xlong/adult/bg/slash.png,"Original by Nila122; cleaned up, resplit into separate layers, and added jump/run/sit/revised combat by JaidynReiman","JaidynReiman,Nila122","OGA-BY 3.0,CC-BY-SA 3.0,GPL 2.0,GPL 3.0","https://opengameart.org/content/lpc-clothes-and-hair,https://opengameart.org/content/lpc-expanded-xlong-hair",CC-BY-SA 3.0
hair/xlong/adult/bg/spellcast.png,"Original by Nila122; cleaned up, resplit into separate layers, and added jump/run/sit/revised combat by JaidynReiman","JaidynReiman,Nila122","OGA-BY 3.0,CC-BY-SA 3.0,GPL 2.0,GPL 3.0","https://opengameart.org/content/lpc-clothes-and-hair,https://opengameart.org/content/lpc-expanded-xlong-hair",CC-BY-SA 3.0
hair/xlong/adult/bg/thrust.png,"Original by Nila122; cleaned up, resplit into separate layers, and added jump/run/sit/revised combat by JaidynReiman","JaidynReiman,Nila122","OGA-BY 3.0,CC-BY-SA 3.0,GPL 2.0,GPL 3.0","https://opengameart.org/content/lpc-clothes-and-hair,https://opengameart.org/content/lpc-expanded-xlong-hair",CC-BY-SA 3.0
hair/xlong/adult/bg/walk.png,"Original by Nila122; cleaned up, resplit into separate layers, and added jump/run/sit/revised combat by JaidynReiman","JaidynReiman,Nila122","OGA-BY 3.0,CC-BY-SA 3.0,GPL 2.0,GPL 3.0","https://opengameart.org/content/lpc-clothes-and-hair,https://opengameart.org/content/lpc-expanded-xlong-hair",CC-BY-SA 3.0
hair/xlong/adult/fg/hurt.png,"Original by Nila122; cleaned up, resplit into separate layers, and added jump/run/sit/revised combat by JaidynReiman","JaidynReiman,Nila122","OGA-BY 3.0,CC-BY-SA 3.0,GPL 2.0,GPL 3.0","https://opengameart.org/content/lpc-clothes-and-hair,https://opengameart.org/content/lpc-expanded-xlong-hair",CC-BY-SA 3.0
hair/xlong/adult/fg/idle.png,"Original by Nila122; cleaned up, resplit into separate layers, and added jump/run/sit/revised combat by JaidynReiman","JaidynReiman,Nila122","OGA-BY 3.0,CC-BY-SA 3.0,GPL 2.0,GPL 3.0","https://opengameart.org/content/lpc-clothes-and-hair,https://opengameart.org/content/lpc-expanded-xlong-hair",CC-BY-SA 3.0
hair/xlong/adult/fg/slash.png,"Original by Nila122; cleaned up, resplit into separate layers, and added jump/run/sit/revised combat by JaidynReiman","JaidynReiman,Nila122","OGA-BY 3.0,CC-BY-SA 3.0,GPL 2.0,GPL 3.0","https://opengameart.org/content/lpc-clothes-and-hair,https://opengameart.org/content/lpc-expanded-xlong-hair",CC-BY-SA 3.0
hair/xlong/adult/fg/spellcast.png,"Original by Nila122; cleaned up, resplit into separate layers, and added jump/run/sit/revised combat by JaidynReiman","JaidynReiman,Nila122","OGA-BY 3.0,CC-BY-SA 3.0,GPL 2.0,GPL 3.0","https://opengameart.org/content/lpc-clothes-and-hair,https://opengameart.org/content/lpc-expanded-xlong-hair",CC-BY-SA 3.0
hair/xlong/adult/fg/thrust.png,"Original by Nila122; cleaned up, resplit into separate layers, and added jump/run/sit/revised combat by JaidynReiman","JaidynReiman,Nila122","OGA-BY 3.0,CC-BY-SA 3.0,GPL 2.0,GPL 3.0","https://opengameart.org/content/lpc-clothes-and-hair,https://opengameart.org/content/lpc-expanded-xlong-hair",CC-BY-SA 3.0
hair/xlong/adult/fg/walk.png,"Original by Nila122; cleaned up, resplit into separate layers, and added jump/run/sit/revised combat by JaidynReiman","JaidynReiman,Nila122","OGA-BY 3.0,CC-BY-SA 3.0,GPL 2.0,GPL 3.0","https://opengameart.org/content/lpc-clothes-and-hair,https://opengameart.org/content/lpc-expanded-xlong-hair",CC-BY-SA 3.0
hair/xlong_wavy/adult/bg/hurt.png,Custom by JaidynReiman; inspiration for spellcast frames from Nila122's XLong,"JaidynReiman,Nila122",OGA-BY 3.0,https://opengameart.org/content/lpc-expanded-xlong-hair,OGA-BY 3.0
hair/xlong_wavy/adult/bg/idle.png,Custom by JaidynReiman; inspiration for spellcast frames from Nila122's XLong,"JaidynReiman,Nila122",OGA-BY 3.0,https://opengameart.org/content/lpc-expanded-xlong-hair,OGA-BY 3.0
hair/xlong_wavy/adult/bg/spellcast.png,Custom by JaidynReiman; inspiration for spellcast frames from Nila122's XLong,"JaidynReiman,Nila122",OGA-BY 3.0,https://opengameart.org/content/lpc-expanded-xlong-hair,OGA-BY 3.0
hair/xlong_wavy/adult/bg/thrust.png,Custom by JaidynReiman; inspiration for spellcast frames from Nila122's XLong,"JaidynReiman,Nila122",OGA-BY 3.0,https://opengameart.org/content/lpc-expanded-xlong-hair,OGA-BY 3.0
hair/xlong_wavy/adult/bg/walk.png,Custom by JaidynReiman; inspiration for spellcast frames from Nila122's XLong,"JaidynReiman,Nila122",OGA-BY 3.0,https://opengameart.org/content/lpc-expanded-xlong-hair,OGA-BY 3.0
hair/xlong_wavy/adult/fg/hurt.png,Custom by JaidynReiman; inspiration for spellcast frames from Nila122's XLong,"JaidynReiman,Nila122",OGA-BY 3.0,https://opengameart.org/content/lpc-expanded-xlong-hair,OGA-BY 3.0
hair/xlong_wavy/adult/fg/idle.png,Custom by JaidynReiman; inspiration for spellcast frames from Nila122's XLong,"JaidynReiman,Nila122",OGA-BY 3.0,https://opengameart.org/content/lpc-expanded-xlong-hair,OGA-BY 3.0
hair/xlong_wavy/adult/fg/spellcast.png,Custom by JaidynReiman; inspiration for spellcast frames from Nila122's XLong,"JaidynReiman,Nila122",OGA-BY 3.0,https://opengameart.org/content/lpc-expanded-xlong-hair,OGA-BY 3.0
hair/xlong_wavy/adult/fg/thrust.png,Custom by JaidynReiman; inspiration for spellcast frames from Nila122's XLong,"JaidynReiman,Nila122",OGA-BY 3.0,https://opengameart.org/content/lpc-expanded-xlong-hair,OGA-BY 3.0
hair/xlong_wavy/adult/fg/walk.png,Custom by JaidynReiman; inspiration for spellcast frames from Nila122's XLong,"JaidynReiman,Nila122",OGA-BY 3.0,https://opengameart.org/content/lpc-expanded-xlong-hair,OGA-BY 3.0
head/heads/boarman/adult/hurt.png,"pig by daneeklu adapted to boarman by BenCreating, placed to v3 bases by bluecarrot16","Benjamin K. Smith (BenCreating),Daniel Eddeland (daneeklu)","CC-BY 3.0,GPL 2.0","https://opengameart.org/content/lpc-style-farm-animals,https://opengameart.org/content/lpc-wild-boar,https://opengameart.org/content/lpc-boarman",CC-BY 3.0
head/heads/boarman/adult/idle.png,"pig by daneeklu adapted to boarman by BenCreating, placed to v3 bases by bluecarrot16","Benjamin K. Smith (BenCreating),Daniel Eddeland (daneeklu)","CC-BY 3.0,GPL 2.0","https://opengameart.org/content/lpc-style-farm-animals,https://opengameart.org/content/lpc-wild-boar,https://opengameart.org/content/lpc-boarman",CC-BY 3.0
head/heads/boarman/adult/slash.png,"pig by daneeklu adapted to boarman by BenCreating, placed to v3 bases by bluecarrot16","Benjamin K. Smith (BenCreating),Daniel Eddeland (daneeklu)","CC-BY 3.0,GPL 2.0","https://opengameart.org/content/lpc-style-farm-animals,https://opengameart.org/content/lpc-wild-boar,https://opengameart.org/content/lpc-boarman",CC-BY 3.0
head/heads/boarman/adult/spellcast.png,"pig by daneeklu adapted to boarman by BenCreating, placed to v3 bases by bluecarrot16","Benjamin K. Smith (BenCreating),Daniel Eddeland (daneeklu)","CC-BY 3.0,GPL 2.0","https://opengameart.org/content/lpc-style-farm-animals,https://opengameart.org/content/lpc-wild-boar,https://opengameart.org/content/lpc-boarman",CC-BY 3.0
head/heads/boarman/adult/walk.png,"pig by daneeklu adapted to boarman by BenCreating, placed to v3 bases by bluecarrot16","Benjamin K. Smith (BenCreating),Daniel Eddeland (daneeklu)","CC-BY 3.0,GPL 2.0","https://opengameart.org/content/lpc-style-farm-animals,https://opengameart.org/content/lpc-wild-boar,https://opengameart.org/content/lpc-boarman",CC-BY 3.0
head/heads/human/female/hurt.png,"original head by Redshrike, tweaks by BenCreating, modular version by bluecarrot16","bluecarrot16,Benjamin K. Smith (BenCreating),Stephen Challener (Redshrike)","OGA-BY 3.0,CC-BY-SA 3.0,GPL 3.0","https://opengameart.org/content/,https://opengameart.org/content/lpc-character-bases",CC-BY-SA 3.0
head/heads/human/female/idle.png,"original head by Redshrike, tweaks by BenCreating, modular version by bluecarrot16","bluecarrot16,Benjamin K. Smith (BenCreating),Stephen Challener (Redshrike)","OGA-BY 3.0,CC-BY-SA 3.0,GPL 3.0","https://opengameart.org/content/,https://opengameart.org/content/lpc-character-bases",CC-BY-SA 3.0
head/heads/human/female/shoot.png,"original head by Redshrike, tweaks by BenCreating, modular version by bluecarrot16","bluecarrot16,Benjamin K. Smith (BenCreating),Stephen Challener (Redshrike)","OGA-BY 3.0,CC-BY-SA 3.0,GPL 3.0","https://opengameart.org/content/,https://opengameart.org/content/lpc-character-bases",CC-BY-SA 3.0
head/heads/human/female/slash.png,"original head by Redshrike, tweaks by BenCreating, modular version by bluecarrot16","bluecarrot16,Benjamin K. Smith (BenCreating),Stephen Challener (Redshrike)","OGA-BY 3.0,CC-BY-SA 3.0,GPL 3.0","https://opengameart.org/content/,https://opengameart.org/content/lpc-character-bases",CC-BY-SA 3.0
head/heads/human/female/spellcast.png,"original head by Redshrike, tweaks by BenCreating, modular version by bluecarrot16","bluecarrot16,Benjamin K. Smith (BenCreating),Stephen Challener (Redshrike)","OGA-BY 3.0,CC-BY-SA 3.0,GPL 3.0","https://opengameart.org/content/,https://opengameart.org/content/lpc-character-bases",CC-BY-SA 3.0
head/heads/human/female/thrust.png,"original head by Redshrike, tweaks by BenCreating, modular version by bluecarrot16","bluecarrot16,Benjamin K. Smith (BenCreating),Stephen Challener (Redshrike)","OGA-BY 3.0,CC-BY-SA 3.0,GPL 3.0","https://opengameart.org/content/,https://opengameart.org/content/lpc-character-bases",CC-BY-SA 3.0
head/heads/human/female/walk.png,"original head by Redshrike, tweaks by BenCreating, modular version by bluecarrot16","bluecarrot16,Benjamin K. Smith (BenCreating),Stephen Challener (Redshrike)","OGA-BY 3.0,CC-BY-SA 3.0,GPL 3.0","https://opengameart.org/content/,https://opengameart.org/content/lpc-character-bases",CC-BY-SA 3.0
head/heads/human/female_elderly/hurt.png,,"Benjamin K. Smith (BenCreating),Eliza Wyatt (ElizaWy),Stephen Challener (Redshrike)","OGA-BY 3.0,CC-BY 3.0","https://opengameart.org/content/liberated-pixel-cup-lpc-base-assets-sprites-map-tiles,https://opengameart.org/content/lpc-revised-elders,https://opengameart.org/content/lpc-character-bases",OGA-BY 3.0
head/heads/human/female_elderly/idle.png,,"Benjamin K. Smith (BenCreating),Eliza Wyatt (ElizaWy),Stephen Challener (Redshrike)","OGA-BY 3.0,CC-BY 3.0","https://opengameart.org/content/liberated-pixel-cup-lpc-base-assets-sprites-map-tiles,https://opengameart.org/content/lpc-revised-elders,https://opengameart.org/content/lpc-character-bases",OGA-BY 3.0
head/heads/human/female_elderly/spellcast.png,,"Benjamin K. Smith (BenCreating),Eliza Wyatt (ElizaWy),Stephen Challener (Redshrike)","OGA-BY 3.0,CC-BY 3.0","https://opengameart.org/content/liberated-pixel-cup-lpc-base-assets-sprites-map-tiles,https://opengameart.org/content/lpc-revised-elders,https://opengameart.org/content/lpc-character-bases",OGA-BY 3.0
head/heads/human/female_elderly/thrust.png,,"Benjamin K. Smith (BenCreating),Eliza Wyatt (ElizaWy),Stephen Challener (Redshrike)","OGA-BY 3.0,CC-BY 3.0","https://opengameart.org/content/liberated-pixel-cup-lpc-base-assets-sprites-map-tiles,https://opengameart.org/content/lpc-revised-elders,https://opengameart.org/content/lpc-character-bases",OGA-BY 3.0
head/heads/human/female_elderly/walk.png,,"Benjamin K. Smith (BenCreating),Eliza Wyatt (ElizaWy),Stephen Challener (Redshrike)","OGA-BY 3.0,CC-BY 3.0","https://opengameart.org/content/liberated-pixel-cup-lpc-base-assets-sprites-map-tiles,https://opengameart.org/content/lpc-revised-elders,https://opengameart.org/content/lpc-character-bases",OGA-BY 3.0
head/heads/human/male/hurt.png,"original head by Redshrike, tweaks by BenCreating, modular version by bluecarrot16","bluecarrot16,Benjamin K. Smith (BenCreating),Stephen Challener (Redshrike)","OGA-BY 3.0,CC-BY-SA 3.0,GPL 3.0","https://opengameart.org/content/liberated-pixel-cup-lpc-base-assets-sprites-map-tiles,https://opengameart.org/content/lpc-character-bases",CC-BY-SA 3.0
head/heads/human/male/idle.png,"original head by Redshrike, tweaks by BenCreating, modular version by bluecarrot16","bluecarrot16,Benjamin K. Smith (BenCreating),Stephen Challener (Redshrike)","OGA-BY 3.0,CC-BY-SA 3.0,GPL 3.0","https://opengameart.org/content/liberated-pixel-cup-lpc-base-assets-sprites-map-tiles,https://opengameart.org/content/lpc-character-bases",CC-BY-SA 3.0
head/heads/human/male/shoot.png,"original head by Redshrike, tweaks by BenCreating, modular version by bluecarrot16","bluecarrot16,Benjamin K. Smith (BenCreating),Stephen Challener (Redshrike)","OGA-BY 3.0,CC-BY-SA 3.0,GPL 3.0","https://opengameart.org/content/liberated-pixel-cup-lpc-base-assets-sprites-map-tiles,https://opengameart.org/content/lpc-character-bases",CC-BY-SA 3.0
head/heads/human/male/slash.png,"original head by Redshrike, tweaks by BenCreating, modular version by bluecarrot16","bluecarrot16,Benjamin K. Smith (BenCreating),Stephen Challener (Redshrike)","OGA-BY 3.0,CC-BY-SA 3.0,GPL 3.0","https://opengameart.org/content/liberated-pixel-cup-lpc-base-assets-sprites-map-tiles,https://opengameart.org/content/lpc-character-bases",CC-BY-SA 3.0
head/heads/human/male/spellcast.png,"original head by Redshrike, tweaks by BenCreating, modular version by bluecarrot16","bluecarrot16,Benjamin K. Smith (BenCreating),Stephen Challener (Redshrike)","OGA-BY 3.0,CC-BY-SA 3.0,GPL 3.0","https://opengameart.org/content/liberated-pixel-cup-lpc-base-assets-sprites-map-tiles,https://opengameart.org/content/lpc-character-bases",CC-BY-SA 3.0
head/heads/human/male/thrust.png,"original head by Redshrike, tweaks by BenCreating, modular version by bluecarrot16","bluecarrot16,Benjamin K. Smith (BenCreating),Stephen Challener (Redshrike)","OGA-BY 3.0,CC-BY-SA 3.0,GPL 3.0","https://opengameart.org/content/liberated-pixel-cup-lpc-base-assets-sprites-map-tiles,https://opengameart.org/content/lpc-character-bases",CC-BY-SA 3.0
head/heads/human/male/walk.png,"original head by Redshrike, tweaks by BenCreating, modular version by bluecarrot16","bluecarrot16,Benjamin K. Smith (BenCreating),Stephen Challener (Redshrike)","OGA-BY 3.0,CC-BY-SA 3.0,GPL 3.0","https://opengameart.org/content/liberated-pixel-cup-lpc-base-assets-sprites-map-tiles,https://opengameart.org/content/lpc-character-bases",CC-BY-SA 3.0
head/heads/human/male_elderly/hurt.png,,"Benjamin K. Smith (BenCreating),Eliza Wyatt (ElizaWy),Stephen Challener (Redshrike)","OGA-BY 3.0,CC-BY 3.0","https://opengameart.org/content/liberated-pixel-cup-lpc-base-assets-sprites-map-tiles,https://opengameart.org/content/lpc-revised-elders,https://opengameart.org/content/lpc-character-bases",OGA-BY 3.0
head/heads/human/male_elderly/idle.png,,"Benjamin K. Smith (BenCreating),Eliza Wyatt (ElizaWy),Stephen Challener (Redshrike)","OGA-BY 3.0,CC-BY 3.0","https://opengameart.org/content/liberated-pixel-cup-lpc-base-assets-sprites-map-tiles,https://opengameart.org/content/lpc-revised-elders,https://opengameart.org/content/lpc-character-bases",OGA-BY 3.0
head/heads/human/male_elderly/slash.png,,"Benjamin K. Smith (BenCreating),Eliza Wyatt (ElizaWy),Stephen Challener (Redshrike)","OGA-BY 3.0,CC-BY 3.0","https://opengameart.org/content/liberated-pixel-cup-lpc-base-assets-sprites-map-tiles,https://opengameart.org/content/lpc-revised-elders,https://opengameart.org/content/lpc-character-bases",OGA-BY 3.0
head/heads/human/male_elderly/spellcast.png,,"Benjamin K. Smith (BenCreating),Eliza Wyatt (ElizaWy),Stephen Challener (Redshrike)","OGA-BY 3.0,CC-BY 3.0","https://opengameart.org/content/liberated-pixel-cup-lpc-base-assets-sprites-map-tiles,https://opengameart.org/content/lpc-revised-elders,https://opengameart.org/content/lpc-character-bases",OGA-BY 3.0
head/heads/human/male_elderly/thrust.png,,"Benjamin K. Smith (BenCreating),Eliza Wyatt (ElizaWy),Stephen Challener (Redshrike)","OGA-BY 3.0,CC-BY 3.0","https://opengameart.org/content/liberated-pixel-cup-lpc-base-assets-sprites-map-tiles,https://opengameart.org/content/lpc-revised-elders,https://opengameart.org/content/lpc-character-bases",OGA-BY 3.0
head/heads/human/male_elderly/walk.png,,"Benjamin K. Smith (BenCreating),Eliza Wyatt (ElizaWy),Stephen Challener (Redshrike)","OGA-BY 3.0,CC-BY 3.0","https://opengameart.org/content/liberated-pixel-cup-lpc-base-assets-sprites-map-tiles,https://opengameart.org/content/lpc-revised-elders,https://opengameart.org/content/lpc-character-bases",OGA-BY 3.0
head/heads/lizard/female/hurt.png,"original lizard/drake by Nila122, reworked by BenCreating, modular head and further revisions by bluecarrot16. Nila122 gave blanket permission to MedicineStorm to use Nila122's LPC assets under OGA-BY 3.0 (where original or derived only from other works under OGA-BY).","bluecarrot16,Benjamin K. Smith (BenCreating),Nila122","OGA-BY 3.0,CC-BY-SA 3.0,GPL 3.0","https://opengameart.org/content/drakes-and-lizardfolk,https://opengameart.org/content/lpc-character-bases",CC-BY-SA 3.0
head/heads/lizard/female/idle.png,"original lizard/drake by Nila122, reworked by BenCreating, modular head and further revisions by bluecarrot16. Nila122 gave blanket permission to MedicineStorm to use Nila122's LPC assets under OGA-BY 3.0 (where original or derived only from other works under OGA-BY).","bluecarrot16,Benjamin K. Smith (BenCreating),Nila122","OGA-BY 3.0,CC-BY-SA 3.0,GPL 3.0","https://opengameart.org/content/drakes-and-lizardfolk,https://opengameart.org/content/lpc-character-bases",CC-BY-SA 3.0
head/heads/lizard/female/slash.png,"original lizard/drake by Nila122, reworked by BenCreating, modular head and further revisions by bluecarrot16. Nila122 gave blanket permission to MedicineStorm to use Nila122's LPC assets under OGA-BY 3.0 (where original or derived only from other works under OGA-BY).","bluecarrot16,Benjamin K. Smith (BenCreating),Nila122","OGA-BY 3.0,CC-BY-SA 3.0,GPL 3.0","https://opengameart.org/content/drakes-and-lizardfolk,https://opengameart.org/content/lpc-character-bases",CC-BY-SA 3.0
head/heads/lizard/female/spellcast.png,"original lizard/drake by Nila122, reworked by BenCreating, modular head and further revisions by bluecarrot16. Nila122 gave blanket permission to MedicineStorm to use Nila122's LPC assets under OGA-BY 3.0 (where original or derived only from other works under OGA-BY).","bluecarrot16,Benjamin K. Smith (BenCreating),Nila122","OGA-BY 3.0,CC-BY-SA 3.0,GPL 3.0","https://opengameart.org/content/drakes-and-lizardfolk,https://opengameart.org/content/lpc-character-bases",CC-BY-SA 3.0
head/heads/lizard/female/thrust.png,"original lizard/drake by Nila122, reworked by BenCreating, modular head and further revisions by bluecarrot16. Nila122 gave blanket permission to MedicineStorm to use Nila122's LPC assets under OGA-BY 3.0 (where original or derived only from other works under OGA-BY).","bluecarrot16,Benjamin K. Smith (BenCreating),Nila122","OGA-BY 3.0,CC-BY-SA 3.0,GPL 3.0","https://opengameart.org/content/drakes-and-lizardfolk,https://opengameart.org/content/lpc-character-bases",CC-BY-SA 3.0
head/heads/lizard/female/walk.png,"original lizard/drake by Nila122, reworked by BenCreating, modular head and further revisions by bluecarrot16. Nila122 gave blanket permission to MedicineStorm to use Nila122's LPC assets under OGA-BY 3.0 (where original or derived only from other works under OGA-BY).","bluecarrot16,Benjamin K. Smith (BenCreating),Nila122","OGA-BY 3.0,CC-BY-SA 3.0,GPL 3.0","https://opengameart.org/content/drakes-and-lizardfolk,https://opengameart.org/content/lpc-character-bases",CC-BY-SA 3.0
head/heads/lizard/male/hurt.png,"original lizard/drake by Nila122, reworked by BenCreating, modular head and further revisions by bluecarrot16. Nila122 gave blanket permission to MedicineStorm to use Nila122's LPC assets under OGA-BY 3.0 (where original or derived only from other works under OGA-BY).","bluecarrot16,Benjamin K. Smith (BenCreating),Nila122","OGA-BY 3.0,CC-BY-SA 3.0,GPL 3.0","https://opengameart.org/content/drakes-and-lizardfolk,https://opengameart.org/content/lpc-character-bases",CC-BY-SA 3.0
head/heads/lizard/male/idle.png,"original lizard/drake by Nila122, reworked by BenCreating, modular head and further revisions by bluecarrot16. Nila122 gave blanket permission to MedicineStorm to use Nila122's LPC assets under OGA-BY 3.0 (where original or derived only from other works under OGA-BY).","bluecarrot16,Benjamin K. Smith (BenCreating),Nila122","OGA-BY 3.0,CC-BY-SA 3.0,GPL 3.0","https://opengameart.org/content/drakes-and-lizardfolk,https://opengameart.org/content/lpc-character-bases",CC-BY-SA 3.0
head/heads/lizard/male/slash.png,"original lizard/drake by Nila122, reworked by BenCreating, modular head and further revisions by bluecarrot16. Nila122 gave blanket permission to MedicineStorm to use Nila122's LPC assets under OGA-BY 3.0 (where original or derived only from other works under OGA-BY).","bluecarrot16,Benjamin K. Smith (BenCreating),Nila122","OGA-BY 3.0,CC-BY-SA 3.0,GPL 3.0","https://opengameart.org/content/drakes-and-lizardfolk,https://opengameart.org/content/lpc-character-bases",CC-BY-SA 3.0
head/heads/lizard/male/spellcast.png,"original lizard/drake by Nila122, reworked by BenCreating, modular head and further revisions by bluecarrot16. Nila122 gave blanket permission to MedicineStorm to use Nila122's LPC assets under OGA-BY 3.0 (where original or derived only from other works under OGA-BY).","bluecarrot16,Benjamin K. Smith (BenCreating),Nila122","OGA-BY 3.0,CC-BY-SA 3.0,GPL 3.0","https://opengameart.org/content/drakes-and-lizardfolk,https://opengameart.org/content/lpc-character-bases",CC-BY-SA 3.0
head/heads/lizard/male/thrust.png,"original lizard/drake by Nila122, reworked by BenCreating, modular head and further revisions by bluecarrot16. Nila122 gave blanket permission to MedicineStorm to use Nila122's LPC assets under OGA-BY 3.0 (where original or derived only from other works under OGA-BY).","bluecarrot16,Benjamin K. Smith (BenCreating),Nila122","OGA-BY 3.0,CC-BY-SA 3.0,GPL 3.0","https://opengameart.org/content/drakes-and-lizardfolk,https://opengameart.org/content/lpc-character-bases",CC-BY-SA 3.0
head/heads/lizard/male/walk.png,"original lizard/drake by Nila122, reworked by BenCreating, modular head and further revisions by bluecarrot16. Nila122 gave blanket permission to MedicineStorm to use Nila122's LPC assets under OGA-BY 3.0 (where original or derived only from other works under OGA-BY).","bluecarrot16,Benjamin K. Smith (BenCreating),Nila122","OGA-BY 3.0,CC-BY-SA 3.0,GPL 3.0","https://opengameart.org/content/drakes-and-lizardfolk,https://opengameart.org/content/lpc-character-bases",CC-BY-SA 3.0
head/heads/minotaur/male/hurt.png,"original cow by daneeklu, combined with horns by Nila122 and adapted to minotaur by Evert","Evert,Nila122,Daniel Eddeland (daneeklu)","CC-BY-SA 3.0,GPL 3.0","https://opengameart.org/content/lpc-style-farm-animals,https://opengameart.org/content/lpc-lizard-headgear,https://opengameart.org/content/lpc-faun-and-minotaur",CC-BY-SA 3.0
head/heads/minotaur/male/idle.png,"original cow by daneeklu, combined with horns by Nila122 and adapted to minotaur by Evert","Evert,Nila122,Daniel Eddeland (daneeklu)","CC-BY-SA 3.0,GPL 3.0","https://opengameart.org/content/lpc-style-farm-animals,https://opengameart.org/content/lpc-lizard-headgear,https://opengameart.org/content/lpc-faun-and-minotaur",CC-BY-SA 3.0
head/heads/minotaur/male/slash.png,"original cow by daneeklu, combined with horns by Nila122 and adapted to minotaur by Evert","Evert,Nila122,Daniel Eddeland (daneeklu)","CC-BY-SA 3.0,GPL 3.0","https://opengameart.org/content/lpc-style-farm-animals,https://opengameart.org/content/lpc-lizard-headgear,https://opengameart.org/content/lpc-faun-and-minotaur",CC-BY-SA 3.0
head/heads/minotaur/male/spellcast.png,"original cow by daneeklu, combined with horns by Nila122 and adapted to minotaur by Evert","Evert,Nila122,Daniel Eddeland (daneeklu)","CC-BY-SA 3.0,GPL 3.0","https://opengameart.org/content/lpc-style-farm-animals,https://opengameart.org/content/lpc-lizard-headgear,https://opengameart.org/content/lpc-faun-and-minotaur",CC-BY-SA 3.0
head/heads/minotaur/male/walk.png,"original cow by daneeklu, combined with horns by Nila122 and adapted to minotaur by Evert","Evert,Nila122,Daniel Eddeland (daneeklu)","CC-BY-SA 3.0,GPL 3.0","https://opengameart.org/content/lpc-style-farm-animals,https://opengameart.org/content/lpc-lizard-headgear,https://opengameart.org/content/lpc-faun-and-minotaur",CC-BY-SA 3.0
head/heads/wolf/female/hurt.png,"original wolf animation by Redshrike, commissioned by William.Thompsonj; wolfman sprite by BenCreating, commissioned by castelonia; tweaks and headless version by bluecarrot16","bluecarrot16,Sander Frenken (castelonia),Benjamin K. Smith (BenCreating),William.Thompsonj,Stephen Challener (Redshrike)","CC-BY-SA 3.0,GPL 3.0","https://opengameart.org/content/liberated-pixel-cup-lpc-base-assets-sprites-map-tiles,https://opengameart.org/content/lpc-wolf-animation,https://opengameart.org/content/lpc-wolfman,https://opengameart.org/content/lpc-character-bases",CC-BY-SA 3.0
head/heads/wolf/female/idle.png,"original wolf animation by Redshrike, commissioned by William.Thompsonj; wolfman sprite by BenCreating, commissioned by castelonia; tweaks and headless version by bluecarrot16","bluecarrot16,Sander Frenken (castelonia),Benjamin K. Smith (BenCreating),William.Thompsonj,Stephen Challener (Redshrike)","CC-BY-SA 3.0,GPL 3.0","https://opengameart.org/content/liberated-pixel-cup-lpc-base-assets-sprites-map-tiles,https://opengameart.org/content/lpc-wolf-animation,https://opengameart.org/content/lpc-wolfman,https://opengameart.org/content/lpc-character-bases",CC-BY-SA 3.0
head/heads/wolf/female/spellcast.png,"original wolf animation by Redshrike, commissioned by William.Thompsonj; wolfman sprite by BenCreating, commissioned by castelonia; tweaks and headless version by bluecarrot16","bluecarrot16,Sander Frenken (castelonia),Benjamin K. Smith (BenCreating),William.Thompsonj,Stephen Challener (Redshrike)","CC-BY-SA 3.0,GPL 3.0","https://opengameart.org/content/liberated-pixel-cup-lpc-base-assets-sprites-map-tiles,https://opengameart.org/content/lpc-wolf-animation,https://opengameart.org/content/lpc-wolfman,https://opengameart.org/content/lpc-character-bases",CC-BY-SA 3.0
head/heads/wolf/female/thrust.png,"original wolf animation by Redshrike, commissioned by William.Thompsonj; wolfman sprite by BenCreating, commissioned by castelonia; tweaks and headless version by bluecarrot16","bluecarrot16,Sander Frenken (castelonia),Benjamin K. Smith (BenCreating),William.Thompsonj,Stephen Challener (Redshrike)","CC-BY-SA 3.0,GPL 3.0","https://opengameart.org/content/liberated-pixel-cup-lpc-base-assets-sprites-map-tiles,https://opengameart.org/content/lpc-wolf-animation,https://opengameart.org/content/lpc-wolfman,https://opengameart.org/content/lpc-character-bases",CC-BY-SA 3.0
head/heads/wolf/female/walk.png,"original wolf animation by Redshrike, commissioned by William.Thompsonj; wolfman sprite by BenCreating, commissioned by castelonia; tweaks and headless version by bluecarrot16","bluecarrot16,Sander Frenken (castelonia),Benjamin K. Smith (BenCreating),William.Thompsonj,Stephen Challener (Redshrike)","CC-BY-SA 3.0,GPL 3.0","https://opengameart.org/content/liberated-pixel-cup-lpc-base-assets-sprites-map-tiles,https://opengameart.org/content/lpc-wolf-animation,https://opengameart.org/content/lpc-wolfman,https://opengameart.org/content/lpc-character-bases",CC-BY-SA 3.0
head/heads/wolf/male/hurt.png,"original wolf animation by Redshrike, commissioned by William.Thompsonj; wolfman sprite by BenCreating, commissioned by castelonia; tweaks and headless version by bluecarrot16","bluecarrot16,Sander Frenken (castelonia),Benjamin K. Smith (BenCreating),William.Thompsonj,Stephen Challener (Redshrike)","CC-BY-SA 3.0,GPL 3.0","https://opengameart.org/content/liberated-pixel-cup-lpc-base-assets-sprites-map-tiles,https://opengameart.org/content/lpc-wolf-animation,https://opengameart.org/content/lpc-wolfman,https://opengameart.org/content/lpc-character-bases",CC-BY-SA 3.0
head/heads/wolf/male/idle.png,"original wolf animation by Redshrike, commissioned by William.Thompsonj; wolfman sprite by BenCreating, commissioned by castelonia; tweaks and headless version by bluecarrot16","bluecarrot16,Sander Frenken (castelonia),Benjamin K. Smith (BenCreating),William.Thompsonj,Stephen Challener (Redshrike)","CC-BY-SA 3.0,GPL 3.0","https://opengameart.org/content/liberated-pixel-cup-lpc-base-assets-sprites-map-tiles,https://opengameart.org/content/lpc-wolf-animation,https://opengameart.org/content/lpc-wolfman,https://opengameart.org/content/lpc-character-bases",CC-BY-SA 3.0
head/heads/wolf/male/slash.png,"original wolf animation by Redshrike, commissioned by William.Thompsonj; wolfman sprite by BenCreating, commissioned by castelonia; tweaks and headless version by bluecarrot16","bluecarrot16,Sander Frenken (castelonia),Benjamin K. Smith (BenCreating),William.Thompsonj,Stephen Challener (Redshrike)","CC-BY-SA 3.0,GPL 3.0","https://opengameart.org/content/liberated-pixel-cup-lpc-base-assets-sprites-map-tiles,https://opengameart.org/content/lpc-wolf-animation,https://opengameart.org/content/lpc-wolfman,https://opengameart.org/content/lpc-character-bases",CC-BY-SA 3.0
head/heads/wolf/male/spellcast.png,"original wolf animation by Redshrike, commissioned by William.Thompsonj; wolfman sprite by BenCreating, commissioned by castelonia; tweaks and headless version by bluecarrot16","bluecarrot16,Sander Frenken (castelonia),Benjamin K. Smith (BenCreating),William.Thompsonj,Stephen Challener (Redshrike)","CC-BY-SA 3.0,GPL 3.0","https://opengameart.org/content/liberated-pixel-cup-lpc-base-assets-sprites-map-tiles,https://opengameart.org/content/lpc-wolf-animation,https://opengameart.org/content/lpc-wolfman,https://opengameart.org/content/lpc-character-bases",CC-BY-SA 3.0
head/heads/wolf/male/thrust.png,"original wolf animation by Redshrike, commissioned by William.Thompsonj; wolfman sprite by BenCreating, commissioned by castelonia; tweaks and headless version by bluecarrot16","bluecarrot16,Sander Frenken (castelonia),Benjamin K. Smith (BenCreating),William.Thompsonj,Stephen Challener (Redshrike)","CC-BY-SA 3.0,GPL 3.0","https://opengameart.org/content/liberated-pixel-cup-lpc-base-assets-sprites-map-tiles,https://opengameart.org/content/lpc-wolf-animation,https://opengameart.org/content/lpc-wolfman,https://opengameart.org/content/lpc-character-bases",CC-BY-SA 3.0
head/heads/wolf/male/walk.png,"original wolf animation by Redshrike, commissioned by William.Thompsonj; wolfman sprite by BenCreating, commissioned by castelonia; tweaks and headless version by bluecarrot16","bluecarrot16,Sander Frenken (castelonia),Benjamin K. Smith (BenCreating),William.Thompsonj,Stephen Challener (Redshrike)","CC-BY-SA 3.0,GPL 3.0","https://opengameart.org/content/liberated-pixel-cup-lpc-base-assets-sprites-map-tiles,https://opengameart.org/content/lpc-wolf-animation,https://opengameart.org/content/lpc-wolfman,https://opengameart.org/content/lpc-character-bases",CC-BY-SA 3.0
legs/shorts/short_shorts/male/hurt.png,"Original bases by Redshrike, thrust/shoot bases by Wulax, original overalls and shorts by ElizaWy, base animations adapted from v3 overalls by bluecarrot16, shorts by JaidynReiman","JaidynReiman,ElizaWy,Bluecarrot16,Johannes Sjölund (wulax),Stephen Challener (Redshrike)","OGA-BY 3.0,GPL 3.0","https://github.com/ElizaWy/LPC/tree/main/Characters/Clothing,https://opengameart.org/content/lpc-expanded-pants",OGA-BY 3.0
legs/shorts/short_shorts/male/idle.png,"Original bases by Redshrike, thrust/shoot bases by Wulax, original overalls and shorts by ElizaWy, base animations adapted from v3 overalls by bluecarrot16, shorts by JaidynReiman","JaidynReiman,ElizaWy,Bluecarrot16,Johannes Sjölund (wulax),Stephen Challener (Redshrike)","OGA-BY 3.0,GPL 3.0","https://github.com/ElizaWy/LPC/tree/main/Characters/Clothing,https://opengameart.org/content/lpc-expanded-pants",OGA-BY 3.0
legs/shorts/short_shorts/male/slash.png,"Original bases by Redshrike, thrust/shoot bases by Wulax, original overalls and shorts by ElizaWy, base animations adapted from v3 overalls by bluecarrot16, shorts by JaidynReiman","JaidynReiman,ElizaWy,Bluecarrot16,Johannes Sjölund (wulax),Stephen Challener (Redshrike)","OGA-BY 3.0,GPL 3.0","https://github.com/ElizaWy/LPC/tree/main/Characters/Clothing,https://opengameart.org/content/lpc-expanded-pants",OGA-BY 3.0
legs/shorts/short_shorts/male/spellcast.png,"Original bases by Redshrike, thrust/shoot bases by Wulax, original overalls and shorts by ElizaWy, base animations adapted from v3 overalls by bluecarrot16, shorts by JaidynReiman","JaidynReiman,ElizaWy,Bluecarrot16,Johannes Sjölund (wulax),Stephen Challener (Redshrike)","OGA-BY 3.0,GPL 3.0","https://github.com/ElizaWy/LPC/tree/main/Characters/Clothing,https://opengameart.org/content/lpc-expanded-pants",OGA-BY 3.0
legs/shorts/short_shorts/male/thrust.png,"Original bases by Redshrike, thrust/shoot bases by Wulax, original overalls and shorts by ElizaWy, base animations adapted from v3 overalls by bluecarrot16, shorts by JaidynReiman","JaidynReiman,ElizaWy,Bluecarrot16,Johannes Sjölund (wulax),Stephen Challener (Redshrike)","OGA-BY 3.0,GPL 3.0","https://github.com/ElizaWy/LPC/tree/main/Characters/Clothing,https://opengameart.org/content/lpc-expanded-pants",OGA-BY 3.0
legs/shorts/short_shorts/male/walk.png,"Original bases by Redshrike, thrust/shoot bases by Wulax, original overalls and shorts by ElizaWy, base animations adapted from v3 overalls by bluecarrot16, shorts by JaidynReiman","JaidynReiman,ElizaWy,Bluecarrot16,Johannes Sjölund (wulax),Stephen Challener (Redshrike)","OGA-BY 3.0,GPL 3.0","https://github.com/ElizaWy/LPC/tree/main/Characters/Clothing,https://opengameart.org/content/lpc-expanded-pants",OGA-BY 3.0
legs/shorts/short_shorts/thin/hurt.png,"Original bases by Redshrike, thrust/shoot bases by Wulax, original shorts by ElizaWy, climb/jump/run/sit/emotes/revised combat by JaidynReiman","ElizaWy,JaidynReiman,Johannes Sjölund (wulax),Stephen Challener (Redshrike)",OGA-BY 3.0,"https://github.com/ElizaWy/LPC/tree/main/Characters/Clothing,https://opengameart.org/content/lpc-expanded-sit-run-jump-more,https://opengameart.org/content/lpc-expanded-pants",OGA-BY 3.0
legs/shorts/short_shorts/thin/idle.png,"Original bases by Redshrike, thrust/shoot bases by Wulax, original shorts by ElizaWy, climb/jump/run/sit/emotes/revised combat by JaidynReiman","ElizaWy,JaidynReiman,Johannes Sjölund (wulax),Stephen Challener (Redshrike)",OGA-BY 3.0,"https://github.com/ElizaWy/LPC/tree/main/Characters/Clothing,https://opengameart.org/content/lpc-expanded-sit-run-jump-more,https://opengameart.org/content/lpc-expanded-pants",OGA-BY 3.0
legs/shorts/short_shorts/thin/shoot.png,"Original bases by Redshrike, thrust/shoot bases by Wulax, original shorts by ElizaWy, climb/jump/run/sit/emotes/revised combat by JaidynReiman","ElizaWy,JaidynReiman,Johannes Sjölund (wulax),Stephen Challener (Redshrike)",OGA-BY 3.0,"https://github.com/ElizaWy/LPC/tree/main/Characters/Clothing,https://opengameart.org/content/lpc-expanded-sit-run-jump-more,https://opengameart.org/content/lpc-expanded-pants",OGA-BY 3.0
legs/shorts/short_shorts/thin/slash.png,"Original bases by Redshrike, thrust/shoot bases by Wulax, original shorts by ElizaWy, climb/jump/run/sit/emotes/revised combat by JaidynReiman","ElizaWy,JaidynReiman,Johannes Sjölund (wulax),Stephen Challener (Redshrike)",OGA-BY 3.0,"https://github.com/ElizaWy/LPC/tree/main/Characters/Clothing,https://opengameart.org/content/lpc-expanded-sit-run-jump-more,https://opengameart.org/content/lpc-expanded-pants",OGA-BY 3.0
legs/shorts/short_shorts/thin/spellcast.png,"Original bases by Redshrike, thrust/shoot bases by Wulax, original shorts by ElizaWy, climb/jump/run/sit/emotes/revised combat by JaidynReiman","ElizaWy,JaidynReiman,Johannes Sjölund (wulax),Stephen Challener (Redshrike)",OGA-BY 3.0,"https://github.com/ElizaWy/LPC/tree/main/Characters/Clothing,https://opengameart.org/content/lpc-expanded-sit-run-jump-more,https://opengameart.org/content/lpc-expanded-pants",OGA-BY 3.0
legs/shorts/short_shorts/thin/thrust.png,"Original bases by Redshrike, thrust/shoot bases by Wulax, original shorts by ElizaWy, climb/jump/run/sit/emotes/revised combat by JaidynReiman","ElizaWy,JaidynReiman,Johannes Sjölund (wulax),Stephen Challener (Redshrike)",OGA-BY 3.0,"https://github.com/ElizaWy/LPC/tree/main/Characters/Clothing,https://opengameart.org/content/lpc-expanded-sit-run-jump-more,https://opengameart.org/content/lpc-expanded-pants",OGA-BY 3.0
legs/shorts/short_shorts/thin/walk.png,"Original bases by Redshrike, thrust/shoot bases by Wulax, original shorts by ElizaWy, climb/jump/run/sit/emotes/revised combat by JaidynReiman","ElizaWy,JaidynReiman,Johannes Sjölund (wulax),Stephen Challener (Redshrike)",OGA-BY 3.0,"https://github.com/ElizaWy/LPC/tree/main/Characters/Clothing,https://opengameart.org/content/lpc-expanded-sit-run-jump-more,https://opengameart.org/content/lpc-expanded-pants",OGA-BY 3.0
legs/skirts/plain/male/hurt.png,"original by wulax, edited for female base by pvigier, edited for v3 base by bluecarrot16, idle & sit by Ahmad3366, color reduced & female sit/emote by JaidynReiman","bluecarrot16,Pierre Vigier (pvigier),Johannes Sjölund (wulax),Ahmad3366,JaidynReiman","OGA-BY 3.0,CC-BY-SA 3.0,GPL 3.0",https://opengameart.org/content/lpc-medieval-fantasy-character-sprites,CC-BY-SA 3.0
legs/skirts/plain/male/idle.png,"original by wulax, edited for female base by pvigier, edited for v3 base by bluecarrot16, idle & sit by Ahmad3366, color reduced & female sit/emote by JaidynReiman","bluecarrot16,Pierre Vigier (pvigier),Johannes Sjölund (wulax),Ahmad3366,JaidynReiman","OGA-BY 3.0,CC-BY-SA 3.0,GPL 3.0",https://opengameart.org/content/lpc-medieval-fantasy-character-sprites,CC-BY-SA 3.0
legs/skirts/plain/male/spellcast.png,"original by wulax, edited for female base by pvigier, edited for v3 base by bluecarrot16, idle & sit by Ahmad3366, color reduced & female sit/emote by JaidynReiman","bluecarrot16,Pierre Vigier (pvigier),Johannes Sjölund (wulax),Ahmad3366,JaidynReiman","OGA-BY 3.0,CC-BY-SA 3.0,GPL 3.0",https://opengameart.org/content/lpc-medieval-fantasy-character-sprites,CC-BY-SA 3.0
legs/skirts/plain/male/thrust.png,"original by wulax, edited for female base by pvigier, edited for v3 base by bluecarrot16, idle & sit by Ahmad3366, color reduced & female sit/emote by JaidynReiman","bluecarrot16,Pierre Vigier (pvigier),Johannes Sjölund (wulax),Ahmad3366,JaidynReiman","OGA-BY 3.0,CC-BY-SA 3.0,GPL 3.0",https://opengameart.org/content/lpc-medieval-fantasy-character-sprites,CC-BY-SA 3.0
legs/skirts/plain/male/walk.png,"original by wulax, edited for female base by pvigier, edited for v3 base by bluecarrot16, idle & sit by Ahmad3366, color reduced & female sit/emote by JaidynReiman","bluecarrot16,Pierre Vigier (pvigier),Johannes Sjölund (wulax),Ahmad3366,JaidynReiman","OGA-BY 3.0,CC-BY-SA 3.0,GPL 3.0",https://opengameart.org/content/lpc-medieval-fantasy-character-sprites,CC-BY-SA 3.0
legs/skirts/plain/thin/hurt.png,"original by wulax, edited for female base by pvigier, edited for v3 base by bluecarrot16, idle & sit by Ahmad3366, color reduced & female sit/emote by JaidynReiman","bluecarrot16,Pierre Vigier (pvigier),Johannes Sjölund (wulax),Ahmad3366,JaidynReiman","OGA-BY 3.0,CC-BY-SA 3.0,GPL 3.0",https://opengameart.org/content/lpc-medieval-fantasy-character-sprites,CC-BY-SA 3.0
legs/skirts/plain/thin/idle.png,"original by wulax, edited for female base by pvigier, edited for v3 base by bluecarrot16, idle & sit by Ahmad3366, color reduced & female sit/emote by JaidynReiman","bluecarrot16,Pierre Vigier (pvigier),Johannes Sjölund (wulax),Ahmad3366,JaidynReiman","OGA-BY 3.0,CC-BY-SA 3.0,GPL 3.0",https://opengameart.org/content/lpc-medieval-fantasy-character-sprites,CC-BY-SA 3.0
legs/skirts/plain/thin/slash.png,"original by wulax, edited for female base by pvigier, edited for v3 base by bluecarrot16, idle & sit by Ahmad3366, color reduced & female sit/emote by JaidynReiman","bluecarrot16,Pierre Vigier (pvigier),Johannes Sjölund (wulax),Ahmad3366,JaidynReiman","OGA-BY 3.0,CC-BY-SA 3.0,GPL 3.0",https://opengameart.org/content/lpc-medieval-fantasy-character-sprites,CC-BY-SA 3.0
legs/skirts/plain/thin/spellcast.png,"original by wulax, edited for female base by pvigier, edited for v3 base by bluecarrot16, idle & sit by Ahmad3366, color reduced & female sit/emote by JaidynReiman","bluecarrot16,Pierre Vigier (pvigier),Johannes Sjölund (wulax),Ahmad3366,JaidynReiman","OGA-BY 3.0,CC-BY-SA 3.0,GPL 3.0",https://opengameart.org/content/lpc-medieval-fantasy-character-sprites,CC-BY-SA 3.0
legs/skirts/plain/thin/thrust.png,"original by wulax, edited for female base by pvigier, edited for v3 base by bluecarrot16, idle & sit by Ahmad3366, color reduced & female sit/emote by JaidynReiman","bluecarrot16,Pierre Vigier (pvigier),Johannes Sjölund (wulax),Ahmad3366,JaidynReiman","OGA-BY 3.0,CC-BY-SA 3.0,GPL 3.0",https://opengameart.org/content/lpc-medieval-fantasy-character-sprites,CC-BY-SA 3.0
legs/skirts/plain/thin/walk.png,"original by wulax, edited for female base by pvigier, edited for v3 base by bluecarrot16, idle & sit by Ahmad3366, color reduced & female sit/emote by JaidynReiman","bluecarrot16,Pierre Vigier (pvigier),Johannes Sjölund (wulax),Ahmad3366,JaidynReiman","OGA-BY 3.0,CC-BY-SA 3.0,GPL 3.0",https://opengameart.org/content/lpc-medieval-fantasy-character-sprites,CC-BY-SA 3.0
legs/skirts/slit/thin/hurt.png,"original **TightDress** by Nila122, edited to skirt by ElizaWy, extended to all animation frames and edited for v3 bases by bluecarrot16","Nila122,ElizaWy,bluecarrot16","OGA-BY 3.0,CC-BY-SA 3.0,GPL 2.0,GPL 3.0","https://opengameart.org/content/lpc-clothes-and-hair,http://opengameart.org/content/lpc-clothing-updates",CC-BY-SA 3.0
legs/skirts/slit/thin/idle.png,"original **TightDress** by Nila122, edited to skirt by ElizaWy, extended to all animation frames and edited for v3 bases by bluecarrot16","Nila122,ElizaWy,bluecarrot16","OGA-BY 3.0,CC-BY-SA 3.0,GPL 2.0,GPL 3.0","https://opengameart.org/content/lpc-clothes-and-hair,http://opengameart.org/content/lpc-clothing-updates",CC-BY-SA 3.0
legs/skirts/slit/thin/slash.png,"original **TightDress** by Nila122, edited to skirt by ElizaWy, extended to all animation frames and edited for v3 bases by bluecarrot16","Nila122,ElizaWy,bluecarrot16","OGA-BY 3.0,CC-BY-SA 3.0,GPL 2.0,GPL 3.0","https://opengameart.org/content/lpc-clothes-and-hair,http://opengameart.org/content/lpc-clothing-updates",CC-BY-SA 3.0
legs/skirts/slit/thin/spellcast.png,"original **TightDress** by Nila122, edited to skirt by ElizaWy, extended to all animation frames and edited for v3 bases by bluecarrot16","Nila122,ElizaWy,bluecarrot16","OGA-BY 3.0,CC-BY-SA 3.0,GPL 2.0,GPL 3.0","https://opengameart.org/content/lpc-clothes-and-hair,http://opengameart.org/content/lpc-clothing-updates",CC-BY-SA 3.0
legs/skirts/slit/thin/thrust.png,"original **TightDress** by Nila122, edited to skirt by ElizaWy, extended to all animation frames and edited for v3 bases by bluecarrot16","Nila122,ElizaWy,bluecarrot16","OGA-BY 3.0,CC-BY-SA 3.0,GPL 2.0,GPL 3.0","https://opengameart.org/content/lpc-clothes-and-hair,http://opengameart.org/content/lpc-clothing-updates",CC-BY-SA 3.0
legs/skirts/slit/thin/walk.png,"original **TightDress** by Nila122, edited to skirt by ElizaWy, extended to all animation frames and edited for v3 bases by bluecarrot16","Nila122,ElizaWy,bluecarrot16","OGA-BY 3.0,CC-BY-SA 3.0,GPL 2.0,GPL 3.0","https://opengameart.org/content/lpc-clothes-and-hair,http://opengameart.org/content/lpc-clothing-updates",CC-BY-SA 3.0
neck/necklace/beaded_large/male/hurt.png,,bluecarrot16,CC0,https://opengameart.org/content/lpc-jewelry,CC0
neck/necklace/beaded_large/male/idle.png,,bluecarrot16,CC0,https://opengameart.org/content/lpc-jewelry,CC0
neck/necklace/beaded_large/male/slash.png,,bluecarrot16,CC0,https://opengameart.org/content/lpc-jewelry,CC0
neck/necklace/beaded_large/male/spellcast.png,,bluecarrot16,CC0,https://opengameart.org/content/lpc-jewelry,CC0
neck/necklace/beaded_large/male/thrust.png,,bluecarrot16,CC0,https://opengameart.org/content/lpc-jewelry,CC0
neck/necklace/beaded_large/male/walk.png,,bluecarrot16,CC0,https://opengameart.org/content/lpc-jewelry,CC0
neck/necklace/beaded_large/thin/hurt.png,,bluecarrot16,CC0,https://opengameart.org/content/lpc-jewelry,CC0
neck/necklace/beaded_large/thin/idle.png,,bluecarrot16,CC0,https://opengameart.org/content/lpc-jewelry,CC0
neck/necklace/beaded_large/thin/shoot.png,,bluecarrot16,CC0,https://opengameart.org/content/lpc-jewelry,CC0
neck/necklace/beaded_large/thin/slash.png,,bluecarrot16,CC0,https://opengameart.org/content/lpc-jewelry,CC0
neck/necklace/beaded_large/thin/spellcast.png,,bluecarrot16,CC0,https://opengameart.org/content/lpc-jewelry,CC0
neck/necklace/beaded_large/thin/thrust.png,,bluecarrot16,CC0,https://opengameart.org/content/lpc-jewelry,CC0
neck/necklace/beaded_large/thin/walk.png,,bluecarrot16,CC0,https://opengameart.org/content/lpc-jewelry,CC0
shield/round/slash/brown.png,,"Johannes Sjölund (wulax),Michael Whitlock (bigbeargames),DarkwallLKE,Tuomo Untinen (reemax)","OGA-BY 3.0,CC-BY-SA 3.0,GPL 3.0","https://opengameart.org/content/lpc-medieval-fantasy-character-sprites,https://opengameart.org/content/lpc-shields-pack",CC-BY-SA 3.0
shield/round/slash/gold.png,,"Johannes Sjölund (wulax),Michael Whitlock (bigbeargames),DarkwallLKE,Tuomo Untinen (reemax)","OGA-BY 3.0,CC-BY-SA 3.0,GPL 3.0","https://opengameart.org/content/lpc-medieval-fantasy-character-sprites,https://opengameart.org/content/lpc-shields-pack",CC-BY-SA 3.0
shield/round/slash/green.png,,"Johannes Sjölund (wulax),Michael Whitlock (bigbeargames),DarkwallLKE,Tuomo Untinen (reemax)","OGA-BY 3.0,CC-BY-SA 3.0,GPL 3.0","https://opengameart.org/content/lpc-medieval-fantasy-character-sprites,https://opengameart.org/content/lpc-shields-pack",CC-BY-SA 3.0
shield/round/walk/brown.png,,"Johannes Sjölund (wulax),Michael Whitlock (bigbeargames),DarkwallLKE,Tuomo Untinen (reemax)","OGA-BY 3.0,CC-BY-SA 3.0,GPL 3.0","https://opengameart.org/content/lpc-medieval-fantasy-character-sprites,https://opengameart.org/content/lpc-shields-pack",CC-BY-SA 3.0
shield/round/walk/gold.png,,"Johannes Sjölund (wulax),Michael Whitlock (bigbeargames),DarkwallLKE,Tuomo Untinen (reemax)","OGA-BY 3.0,CC-BY-SA 3.0,GPL 3.0","https://opengameart.org/content/lpc-medieval-fantasy-character-sprites,https://opengameart.org/content/lpc-shields-pack",CC-BY-SA 3.0
shield/round/walk/green.png,,"Johannes Sjölund (wulax),Michael Whitlock (bigbeargames),DarkwallLKE,Tuomo Untinen (reemax)","OGA-BY 3.0,CC-BY-SA 3.0,GPL 3.0","https://opengameart.org/content/lpc-medieval-fantasy-character-sprites,https://opengameart.org/content/lpc-shields-pack",CC-BY-SA 3.0
torso/armour/leather/female/hurt.png,"recolor of torso/armour/leather/female/brown.png, adapted to v3 bases by bluecarrot16, reduced colors and climb/emote/jump by JaidynReiman","Michael Whitlock (bigbeargames),Matthew Krohn (makrohn),Johannes Sjölund (wulax),bluecarrot16,JaidynReiman","OGA-BY 3.0,CC-BY-SA 3.0,GPL 3.0","https://opengameart.org/content/lpc-medieval-fantasy-character-sprites,https://opengameart.org/content/lpc-combat-armor-for-women,https://opengameart.org/content/lpc-clothing-updates,https://opengameart.org/content/lpc-expanded-armor",CC-BY-SA 3.0
torso/armour/leather/female/idle.png,"recolor of torso/armour/leather/female/brown.png, adapted to v3 bases by bluecarrot16, reduced colors and climb/emote/jump by JaidynReiman","Michael Whitlock (bigbeargames),Matthew Krohn (makrohn),Johannes Sjölund (wulax),bluecarrot16,JaidynReiman","OGA-BY 3.0,CC-BY-SA 3.0,GPL 3.0","https://opengameart.org/content/lpc-medieval-fantasy-character-sprites,https://opengameart.org/content/lpc-combat-armor-for-women,https://opengameart.org/content/lpc-clothing-updates,https://opengameart.org/content/lpc-expanded-armor",CC-BY-SA 3.0
torso/armour/leather/female/shoot.png,"recolor of torso/armour/leather/female/brown.png, adapted to v3 bases by bluecarrot16, reduced colors and climb/emote/jump by JaidynReiman","Michael Whitlock (bigbeargames),Matthew Krohn (makrohn),Johannes Sjölund (wulax),bluecarrot16,JaidynReiman","OGA-BY 3.0,CC-BY-SA 3.0,GPL 3.0","https://opengameart.org/content/lpc-medieval-fantasy-character-sprites,https://opengameart.org/content/lpc-combat-armor-for-women,https://opengameart.org/content/lpc-clothing-updates,https://opengameart.org/content/lpc-expanded-armor",CC-BY-SA 3.0
torso/armour/leather/female/slash.png,"recolor of torso/armour/leather/female/brown.png, adapted to v3 bases by bluecarrot16, reduced colors and climb/emote/jump by JaidynReiman","Michael Whitlock (bigbeargames),Matthew Krohn (makrohn),Johannes Sjölund (wulax),bluecarrot16,JaidynReiman","OGA-BY 3.0,CC-BY-SA 3.0,GPL 3.0","https://opengameart.org/content/lpc-medieval-fantasy-character-sprites,https://opengameart.org/content/lpc-combat-armor-for-women,https://opengameart.org/content/lpc-clothing-updates,https://opengameart.org/content/lpc-expanded-armor",CC-BY-SA 3.0
torso/armour/leather/female/spellcast.png,"recolor of torso/armour/leather/female/brown.png, adapted to v3 bases by bluecarrot16, reduced colors and climb/emote/jump by JaidynReiman","Michael Whitlock (bigbeargames),Matthew Krohn (makrohn),Johannes Sjölund (wulax),bluecarrot16,JaidynReiman","OGA-BY 3.0,CC-BY-SA 3.0,GPL 3.0","https://opengameart.org/content/lpc-medieval-fantasy-character-sprites,https://opengameart.org/content/lpc-combat-armor-for-women,https://opengameart.org/content/lpc-clothing-updates,https://opengameart.org/content/lpc-expanded-armor",CC-BY-SA 3.0
torso/armour/leather/female/thrust.png,"recolor of torso/armour/leather/female/brown.png, adapted to v3 bases by bluecarrot16, reduced colors and climb/emote/jump by JaidynReiman","Michael Whitlock (bigbeargames),Matthew Krohn (makrohn),Johannes Sjölund (wulax),bluecarrot16,JaidynReiman","OGA-BY 3.0,CC-BY-SA 3.0,GPL 3.0","https://opengameart.org/content/lpc-medieval-fantasy-character-sprites,https://opengameart.org/content/lpc-combat-armor-for-women,https://opengameart.org/content/lpc-clothing-updates,https://opengameart.org/content/lpc-expanded-armor",CC-BY-SA 3.0
torso/armour/leather/female/walk.png,"recolor of torso/armour/leather/female/brown.png, adapted to v3 bases by bluecarrot16, reduced colors and climb/emote/jump by JaidynReiman","Michael Whitlock (bigbeargames),Matthew Krohn (makrohn),Johannes Sjölund (wulax),bluecarrot16,JaidynReiman","OGA-BY 3.0,CC-BY-SA 3.0,GPL 3.0","https://opengameart.org/content/lpc-medieval-fantasy-character-sprites,https://opengameart.org/content/lpc-combat-armor-for-women,https://opengameart.org/content/lpc-clothing-updates,https://opengameart.org/content/lpc-expanded-armor",CC-BY-SA 3.0
torso/armour/leather/male/hurt.png,"adapted to v3 bases by bluecarrot16, reduced colors and climb/emote/jump by JaidynReiman","Johannes Sjölund (wulax),bluecarrot16,JaidynReiman","OGA-BY 3.0,CC-BY-SA 3.0,GPL 3.0","https://opengameart.org/content/lpc-medieval-fantasy-character-sprites,https://opengameart.org/content/lpc-clothing-updates,https://opengameart.org/content/lpc-expanded-armor",CC-BY-SA 3.0
torso/armour/leather/male/idle.png,"adapted to v3 bases by bluecarrot16, reduced colors and climb/emote/jump by JaidynReiman","Johannes Sjölund (wulax),bluecarrot16,JaidynReiman","OGA-BY 3.0,CC-BY-SA 3.0,GPL 3.0","https://opengameart.org/content/lpc-medieval-fantasy-character-sprites,https://opengameart.org/content/lpc-clothing-updates,https://opengameart.org/content/lpc-expanded-armor",CC-BY-SA 3.0
torso/armour/leather/male/slash.png,"adapted to v3 bases by bluecarrot16, reduced colors and climb/emote/jump by JaidynReiman","Johannes Sjölund (wulax),bluecarrot16,JaidynReiman","OGA-BY 3.0,CC-BY-SA 3.0,GPL 3.0","https://opengameart.org/content/lpc-medieval-fantasy-character-sprites,https://opengameart.org/content/lpc-clothing-updates,https://opengameart.org/content/lpc-expanded-armor",CC-BY-SA 3.0
torso/armour/leather/male/spellcast.png,"adapted to v3 bases by bluecarrot16, reduced colors and climb/emote/jump by JaidynReiman","Johannes Sjölund (wulax),bluecarrot16,JaidynReiman","OGA-BY 3.0,CC-BY-SA 3.0,GPL 3.0","https://opengameart.org/content/lpc-medieval-fantasy-character-sprites,https://opengameart.org/content/lpc-clothing-updates,https://opengameart.org/content/lpc-expanded-armor",CC-BY-SA 3.0
torso/armour/leather/male/thrust.png,"adapted to v3 bases by bluecarrot16, reduced colors and climb/emote/jump by JaidynReiman","Johannes Sjölund (wulax),bluecarrot16,JaidynReiman","OGA-BY 3.0,CC-BY-SA 3.0,GPL 3.0","https://opengameart.org/content/lpc-medieval-fantasy-character-sprites,https://opengameart.org/content/lpc-clothing-updates,https://opengameart.org/content/lpc-expanded-armor",CC-BY-SA 3.0
torso/armour/leather/male/walk.png,"adapted to v3 bases by bluecarrot16, reduced colors and climb/emote/jump by JaidynReiman","Johannes Sjölund (wulax),bluecarrot16,JaidynReiman","OGA-BY 3.0,CC-BY-SA 3.0,GPL 3.0","https://opengameart.org/content/lpc-medieval-fantasy-character-sprites,https://opengameart.org/content/lpc-clothing-updates,https://opengameart.org/content/lpc-expanded-armor",CC-BY-SA 3.0
torso/clothes/sleeveless/sleeveless1/female/hurt.png,"original by ElizaWy walkcycle only; extended to all animations by adapting from longsleeve, edited to v3 bases by bluecarrot16; sleeveless variant by JaidynReiman","bluecarrot16,ElizaWy,JaidynReiman,Stephen Challener (Redshrike)","OGA-BY 3.0,CC-BY-SA 3.0,GPL 3.0","https://opengameart.org/content/liberated-pixel-cup-lpc-base-assets-sprites-map-tiles,https://opengameart.org/content/lpc-7-womens-shirts,http://opengameart.org/content/lpc-revised-character-basics,http://opengameart.org/content/lpc-clothing-updates,https://github.com/ElizaWy/LPC/tree/main/Characters/Clothing,https://opengameart.org/content/lpc-expanded-sit-run-jump-more,https://opengameart.org/content/lpc-expanded-simple-shirts",CC-BY-SA 3.0
torso/clothes/sleeveless/sleeveless1/female/idle.png,"original by ElizaWy walkcycle only; extended to all animations by adapting from longsleeve, edited to v3 bases by bluecarrot16; sleeveless variant by JaidynReiman","bluecarrot16,ElizaWy,JaidynReiman,Stephen Challener (Redshrike)","OGA-BY 3.0,CC-BY-SA 3.0,GPL 3.0","https://opengameart.org/content/liberated-pixel-cup-lpc-base-assets-sprites-map-tiles,https://opengameart.org/content/lpc-7-womens-shirts,http://opengameart.org/content/lpc-revised-character-basics,http://opengameart.org/content/lpc-clothing-updates,https://github.com/ElizaWy/LPC/tree/main/Characters/Clothing,https://opengameart.org/content/lpc-expanded-sit-run-jump-more,https://opengameart.org/content/lpc-expanded-simple-shirts",CC-BY-SA 3.0
torso/clothes/sleeveless/sleeveless1/female/slash.png,"original by ElizaWy walkcycle only; extended to all animations by adapting from longsleeve, edited to v3 bases by bluecarrot16; sleeveless variant by JaidynReiman","bluecarrot16,ElizaWy,JaidynReiman,Stephen Challener (Redshrike)","OGA-BY 3.0,CC-BY-SA 3.0,GPL 3.0","https://opengameart.org/content/liberated-pixel-cup-lpc-base-assets-sprites-map-tiles,https://opengameart.org/content/lpc-7-womens-shirts,http://opengameart.org/content/lpc-revised-character-basics,http://opengameart.org/content/lpc-clothing-updates,https://github.com/ElizaWy/LPC/tree/main/Characters/Clothing,https://opengameart.org/content/lpc-expanded-sit-run-jump-more,https://opengameart.org/content/lpc-expanded-simple-shirts",CC-BY-SA 3.0
torso/clothes/sleeveless/sleeveless1/female/spellcast.png,"original by ElizaWy walkcycle only; extended to all animations by adapting from longsleeve, edited to v3 bases by bluecarrot16; sleeveless variant by JaidynReiman","bluecarrot16,ElizaWy,JaidynReiman,Stephen Challener (Redshrike)","OGA-BY 3.0,CC-BY-SA 3.0,GPL 3.0","https://opengameart.org/content/liberated-pixel-cup-lpc-base-assets-sprites-map-tiles,https://opengameart.org/content/lpc-7-womens-shirts,http://opengameart.org/content/lpc-revised-character-basics,http://opengameart.org/content/lpc-clothing-updates,https://github.com/ElizaWy/LPC/tree/main/Characters/Clothing,https://opengameart.org/content/lpc-expanded-sit-run-jump-more,https://opengameart.org/content/lpc-expanded-simple-shirts",CC-BY-SA 3.0
torso/clothes/sleeveless/sleeveless1/female/thrust.png,"original by ElizaWy walkcycle only; extended to all animations by adapting from longsleeve, edited to v3 bases by bluecarrot16; sleeveless variant by JaidynReiman","bluecarrot16,ElizaWy,JaidynReiman,Stephen Challener (Redshrike)","OGA-BY 3.0,CC-BY-SA 3.0,GPL 3.0","https://opengameart.org/content/liberated-pixel-cup-lpc-base-assets-sprites-map-tiles,https://opengameart.org/content/lpc-7-womens-shirts,http://opengameart.org/content/lpc-revised-character-basics,http://opengameart.org/content/lpc-clothing-updates,https://github.com/ElizaWy/LPC/tree/main/Characters/Clothing,https://opengameart.org/content/lpc-expanded-sit-run-jump-more,https://opengameart.org/content/lpc-expanded-simple-shirts",CC-BY-SA 3.0
torso/clothes/sleeveless/sleeveless1/female/walk.png,"original by ElizaWy walkcycle only; extended to all animations by adapting from longsleeve, edited to v3 bases by bluecarrot16; sleeveless variant by JaidynReiman","bluecarrot16,ElizaWy,JaidynReiman,Stephen Challener (Redshrike)","OGA-BY 3.0,CC-BY-SA 3.0,GPL 3.0","https://opengameart.org/content/liberated-pixel-cup-lpc-base-assets-sprites-map-tiles,https://opengameart.org/content/lpc-7-womens-shirts,http://opengameart.org/content/lpc-revised-character-basics,http://opengameart.org/content/lpc-clothing-updates,https://github.com/ElizaWy/LPC/tree/main/Characters/Clothing,https://opengameart.org/content/lpc-expanded-sit-run-jump-more,https://opengameart.org/content/lpc-expanded-simple-shirts",CC-BY-SA 3.0
torso/clothes/sleeveless/sleeveless1/male/hurt.png,"original by ElizaWy walkcycle only; extended to all animations by adapting from longsleeve, edited to v3 bases by bluecarrot16; sleeveless variant by JaidynReiman","bluecarrot16,ElizaWy,JaidynReiman,Stephen Challener (Redshrike)","OGA-BY 3.0,CC-BY-SA 3.0,GPL 3.0","https://opengameart.org/content/liberated-pixel-cup-lpc-base-assets-sprites-map-tiles,http://opengameart.org/content/lpc-revised-character-basics,http://opengameart.org/content/lpc-clothing-updates,https://github.com/ElizaWy/LPC/tree/main/Characters/Clothing,https://opengameart.org/content/lpc-expanded-sit-run-jump-more,https://opengameart.org/content/lpc-expanded-simple-shirts",CC-BY-SA 3.0
torso/clothes/sleeveless/sleeveless1/male/idle.png,"original by ElizaWy walkcycle only; extended to all animations by adapting from longsleeve, edited to v3 bases by bluecarrot16; sleeveless variant by JaidynReiman","bluecarrot16,ElizaWy,JaidynReiman,Stephen Challener (Redshrike)","OGA-BY 3.0,CC-BY-SA 3.0,GPL 3.0","https://opengameart.org/content/liberated-pixel-cup-lpc-base-assets-sprites-map-tiles,http://opengameart.org/content/lpc-revised-character-basics,http://opengameart.org/content/lpc-clothing-updates,https://github.com/ElizaWy/LPC/tree/main/Characters/Clothing,https://opengameart.org/content/lpc-expanded-sit-run-jump-more,https://opengameart.org/content/lpc-expanded-simple-shirts",CC-BY-SA 3.0
torso/clothes/sleeveless/sleeveless1/male/spellcast.png,"original by ElizaWy walkcycle only; extended to all animations by adapting from longsleeve, edited to v3 bases by bluecarrot16; sleeveless variant by JaidynReiman","bluecarrot16,ElizaWy,JaidynReiman,Stephen Challener (Redshrike)","OGA-BY 3.0,CC-BY-SA 3.0,GPL 3.0","https://opengameart.org/content/liberated-pixel-cup-lpc-base-assets-sprites-map-tiles,http://opengameart.org/content/lpc-revised-character-basics,http://opengameart.org/content/lpc-clothing-updates,https://github.com/ElizaWy/LPC/tree/main/Characters/Clothing,https://opengameart.org/content/lpc-expanded-sit-run-jump-more,https://opengameart.org/content/lpc-expanded-simple-shirts",CC-BY-SA 3.0
torso/clothes/sleeveless/sleeveless1/male/thrust.png,"original by ElizaWy walkcycle only; extended to all animations by adapting from longsleeve, edited to v3 bases by bluecarrot16; sleeveless variant by JaidynReiman","bluecarrot16,ElizaWy,JaidynReiman,Stephen Challener (Redshrike)","OGA-BY 3.0,CC-BY-SA 3.0,GPL 3.0","https://opengameart.org/content/liberated-pixel-cup-lpc-base-assets-sprites-map-tiles,http://opengameart.org/content/lpc-revised-character-basics,http://opengameart.org/content/lpc-clothing-updates,https://github.com/ElizaWy/LPC/tree/main/Characters/Clothing,https://opengameart.org/content/lpc-expanded-sit-run-jump-more,https://opengameart.org/content/lpc-expanded-simple-shirts",CC-BY-SA 3.0
torso/clothes/sleeveless/sleeveless1/male/walk.png,"original by ElizaWy walkcycle only; extended to all animations by adapting from longsleeve, edited to v3 bases by bluecarrot16; sleeveless variant by JaidynReiman","bluecarrot16,ElizaWy,JaidynReiman,Stephen Challener (Redshrike)","OGA-BY 3.0,CC-BY-SA 3.0,GPL 3.0","https://opengameart.org/content/liberated-pixel-cup-lpc-base-assets-sprites-map-tiles,http://opengameart.org/content/lpc-revised-character-basics,http://opengameart.org/content/lpc-clothing-updates,https://github.com/ElizaWy/LPC/tree/main/Characters/Clothing,https://opengameart.org/content/lpc-expanded-sit-run-jump-more,https://opengameart.org/content/lpc-expanded-simple-shirts",CC-BY-SA 3.0
torso/clothes/sleeveless/sleeveless2/female/hurt.png,original by ElizaWy; sleeveless adapted from original by JaidynReiman,"ElizaWy,JaidynReiman,Stephen Challener (Redshrike),Johannes Sjölund (wulax)",OGA-BY 3.0,"http://opengameart.org/content/lpc-revised-character-basics,https://github.com/ElizaWy/LPC/tree/main/Characters/Clothing,https://opengameart.org/content/lpc-expanded-sit-run-jump-more,https://opengameart.org/content/lpc-expanded-simple-shirts",OGA-BY 3.0
torso/clothes/sleeveless/sleeveless2/female/idle.png,original by ElizaWy; sleeveless adapted from original by JaidynReiman,"ElizaWy,JaidynReiman,Stephen Challener (Redshrike),Johannes Sjölund (wulax)",OGA-BY 3.0,"http://opengameart.org/content/lpc-revised-character-basics,https://github.com/ElizaWy/LPC/tree/main/Characters/Clothing,https://opengameart.org/content/lpc-expanded-sit-run-jump-more,https://opengameart.org/content/lpc-expanded-simple-shirts",OGA-BY 3.0
torso/clothes/sleeveless/sleeveless2/female/shoot.png,original by ElizaWy; sleeveless adapted from original by JaidynReiman,"ElizaWy,JaidynReiman,Stephen Challener (Redshrike),Johannes Sjölund (wulax)",OGA-BY 3.0,"http://opengameart.org/content/lpc-revised-character-basics,https://github.com/ElizaWy/LPC/tree/main/Characters/Clothing,https://opengameart.org/content/lpc-expanded-sit-run-jump-more,https://opengameart.org/content/lpc-expanded-simple-shirts",OGA-BY 3.0
torso/clothes/sleeveless/sleeveless2/female/slash.png,original by ElizaWy; sleeveless adapted from original by JaidynReiman,"ElizaWy,JaidynReiman,Stephen Challener (Redshrike),Johannes Sjölund (wulax)",OGA-BY 3.0,"http://opengameart.org/content/lpc-revised-character-basics,https://github.com/ElizaWy/LPC/tree/main/Characters/Clothing,https://opengameart.org/content/lpc-expanded-sit-run-jump-more,https://opengameart.org/content/lpc-expanded-simple-shirts",OGA-BY 3.0
torso/clothes/sleeveless/sleeveless2/female/spellcast.png,original by ElizaWy; sleeveless adapted from original by JaidynReiman,"ElizaWy,JaidynReiman,Stephen Challener (Redshrike),Johannes Sjölund (wulax)",OGA-BY 3.0,"http://opengameart.org/content/lpc-revised-character-basics,https://github.com/ElizaWy/LPC/tree/main/Characters/Clothing,https://opengameart.org/content/lpc-expanded-sit-run-jump-more,https://opengameart.org/content/lpc-expanded-simple-shirts",OGA-BY 3.0
torso/clothes/sleeveless/sleeveless2/female/walk.png,original by ElizaWy; sleeveless adapted from original by JaidynReiman,"ElizaWy,JaidynReiman,Stephen Challener (Redshrike),Johannes Sjölund (wulax)",OGA-BY 3.0,"http://opengameart.org/content/lpc-revised-character-basics,https://github.com/ElizaWy/LPC/tree/main/Characters/Clothing,https://opengameart.org/content/lpc-expanded-sit-run-jump-more,https://opengameart.org/content/lpc-expanded-simple-shirts",OGA-BY 3.0
torso/clothes/sleeveless/sleeveless2/teen/hurt.png,original by ElizaWy; sleeveless adapted from original by JaidynReiman,"ElizaWy,JaidynReiman,Stephen Challener (Redshrike),Johannes Sjölund (wulax)",OGA-BY 3.0,"http://opengameart.org/content/lpc-revised-character-basics,https://github.com/ElizaWy/LPC/tree/main/Characters/Clothing,https://opengameart.org/content/lpc-expanded-sit-run-jump-more,https://opengameart.org/content/lpc-expanded-simple-shirts",OGA-BY 3.0
torso/clothes/sleeveless/sleeveless2/teen/idle.png,original by ElizaWy; sleeveless adapted from original by JaidynReiman,"ElizaWy,JaidynReiman,Stephen Challener (Redshrike),Johannes Sjölund (wulax)",OGA-BY 3.0,"http://opengameart.org/content/lpc-revised-character-basics,https://github.com/ElizaWy/LPC/tree/main/Characters/Clothing,https://opengameart.org/content/lpc-expanded-sit-run-jump-more,https://opengameart.org/content/lpc-expanded-simple-shirts",OGA-BY 3.0
torso/clothes/sleeveless/sleeveless2/teen/shoot.png,original by ElizaWy; sleeveless adapted from original by JaidynReiman,"ElizaWy,JaidynReiman,Stephen Challener (Redshrike),Johannes Sjölund (wulax)",OGA-BY 3.0,"http://opengameart.org/content/lpc-revised-character-basics,https://github.com/ElizaWy/LPC/tree/main/Characters/Clothing,https://opengameart.org/content/lpc-expanded-sit-run-jump-more,https://opengameart.org/content/lpc-expanded-simple-shirts",OGA-BY 3.0
torso/clothes/sleeveless/sleeveless2/teen/spellcast.png,original by ElizaWy; sleeveless adapted from original by JaidynReiman,"ElizaWy,JaidynReiman,Stephen Challener (Redshrike),Johannes Sjölund (wulax)",OGA-BY 3.0,"http://opengameart.org/content/lpc-revised-character-basics,https://github.com/ElizaWy/LPC/tree/main/Characters/Clothing,https://opengameart.org/content/lpc-expanded-sit-run-jump-more,https://opengameart.org/content/lpc-expanded-simple-shirts",OGA-BY 3.0
torso/clothes/sleeveless/sleeveless2/teen/thrust.png,original by ElizaWy; sleeveless adapted from original by JaidynReiman,"ElizaWy,JaidynReiman,Stephen Challener (Redshrike),Johannes Sjölund (wulax)",OGA-BY 3.0,"http://opengameart.org/content/lpc-revised-character-basics,https://github.com/ElizaWy/LPC/tree/main/Characters/Clothing,https://opengameart.org/content/lpc-expanded-sit-run-jump-more,https://opengameart.org/content/lpc-expanded-simple-shirts",OGA-BY 3.0
torso/clothes/sleeveless/sleeveless2/teen/walk.png,original by ElizaWy; sleeveless adapted from original by JaidynReiman,"ElizaWy,JaidynReiman,Stephen Challener (Redshrike),Johannes Sjölund (wulax)",OGA-BY 3.0,"http://opengameart.org/content/lpc-revised-character-basics,https://github.com/ElizaWy/LPC/tree/main/Characters/Clothing,https://opengameart.org/content/lpc-expanded-sit-run-jump-more,https://opengameart.org/content/lpc-expanded-simple-shirts",OGA-BY 3.0
weapon/blunt/club/background/club.png,,bluecarrot16,"OGA-BY 3.0+,GPL 3.0,CC-BY 4.0",https://opengameart.org/content/lpc-more-weapons,OGA-BY 3.0+
weapon/blunt/club/club.png,,bluecarrot16,"OGA-BY 3.0+,GPL 3.0,CC-BY 4.0",https://opengameart.org/content/lpc-more-weapons,OGA-BY 3.0+
weapon/blunt/waraxe/attack_slash/behind/waraxe.png,,"Benjamin K. Smith (BenCreating),bluecarrot16,Sander Frenken (castelonia)","CC-BY-SA 3.0,GPL 3.0",https://opengameart.org/content/lpc-medieval-weapons,CC-BY-SA 3.0
weapon/blunt/waraxe/attack_slash/waraxe.png,,"Benjamin K. Smith (BenCreating),bluecarrot16,Sander Frenken (castelonia)","CC-BY-SA 3.0,GPL 3.0",https://opengameart.org/content/lpc-medieval-weapons,CC-BY-SA 3.0
weapon/blunt/waraxe/behind/walk/waraxe.png,,"Benjamin K. Smith (BenCreating),bluecarrot16,Sander Frenken (castelonia)","CC-BY-SA 3.0,GPL 3.0",https://opengameart.org/content/lpc-medieval-weapons,CC-BY-SA 3.0
weapon/blunt/waraxe/hurt/waraxe.png,,"Benjamin K. Smith (BenCreating),bluecarrot16,Sander Frenken (castelonia)","CC-BY-SA 3.0,GPL 3.0",https://opengameart.org/content/lpc-medieval-weapons,CC-BY-SA 3.0
weapon/blunt/waraxe/walk/waraxe.png,,"Benjamin K. Smith (BenCreating),bluecarrot16,Sander Frenken (castelonia)","CC-BY-SA 3.0,GPL 3.0",https://opengameart.org/content/lpc-medieval-weapons,CC-BY-SA 3.0
weapon/magic/crystal/thrust/background/green.png,,bluecarrot16,"OGA-BY 3.0+,GPL 3.0,CC-BY 4.0",https://opengameart.org/content/lpc-more-weapons,OGA-BY 3.0+
weapon/magic/crystal/thrust/background/purple.png,,bluecarrot16,"OGA-BY 3.0+,GPL 3.0,CC-BY 4.0",https://opengameart.org/content/lpc-more-weapons,OGA-BY 3.0+
weapon/magic/crystal/thrust/foreground/green.png,,bluecarrot16,"OGA-BY 3.0+,GPL 3.0,CC-BY 4.0",https://opengameart.org/content/lpc-more-weapons,OGA-BY 3.0+
weapon/magic/crystal/thrust/foreground/purple.png,,bluecarrot16,"OGA-BY 3.0+,GPL 3.0,CC-BY 4.0",https://opengameart.org/content/lpc-more-weapons,OGA-BY 3.0+
weapon/magic/crystal/universal/background/hurt/green.png,,bluecarrot16,"OGA-BY 3.0+,GPL 3.0,CC-BY 4.0",https://opengameart.org/content/lpc-more-weapons,OGA-BY 3.0+
weapon/magic/crystal/universal/background/hurt/purple.png,,bluecarrot16,"OGA-BY 3.0+,GPL 3.0,CC-BY 4.0",https://opengameart.org/content/lpc-more-weapons,OGA-BY 3.0+
weapon/magic/crystal/universal/background/walk/green.png,,bluecarrot16,"OGA-BY 3.0+,GPL 3.0,CC-BY 4.0",https://opengameart.org/content/lpc-more-weapons,OGA-BY 3.0+
weapon/magic/crystal/universal/background/walk/purple.png,,bluecarrot16,"OGA-BY 3.0+,GPL 3.0,CC-BY 4.0",https://opengameart.org/content/lpc-more-weapons,OGA-BY 3.0+
weapon/magic/crystal/universal/foreground/hurt/green.png,,bluecarrot16,"OGA-BY 3.0+,GPL 3.0,CC-BY 4.0",https://opengameart.org/content/lpc-more-weapons,OGA-BY 3.0+
weapon/magic/crystal/universal/foreground/hurt/purple.png,,bluecarrot16,"OGA-BY 3.0+,GPL 3.0,CC-BY 4.0",https://opengameart.org/content/lpc-more-weapons,OGA-BY 3.0+
weapon/magic/crystal/universal/foreground/walk/green.png,,bluecarrot16,"OGA-BY 3.0+,GPL 3.0,CC-BY 4.0",https://opengameart.org/content/lpc-more-weapons,OGA-BY 3.0+
weapon/magic/crystal/universal/foreground/walk/purple.png,,bluecarrot16,"OGA-BY 3.0+,GPL 3.0,CC-BY 4.0",https://opengameart.org/content/lpc-more-weapons,OGA-BY 3.0+
weapon/magic/gnarled/thrust/background/gold.png,,bluecarrot16,"OGA-BY 3.0+,GPL 3.0,CC-BY 4.0",https://opengameart.org/content/lpc-more-weapons,OGA-BY 3.0+
weapon/magic/gnarled/thrust/background/medium.png,,bluecarrot16,"OGA-BY 3.0+,GPL 3.0,CC-BY 4.0",https://opengameart.org/content/lpc-more-weapons,OGA-BY 3.0+
weapon/magic/gnarled/thrust/foreground/gold.png,,bluecarrot16,"OGA-BY 3.0+,GPL 3.0,CC-BY 4.0",https://opengameart.org/content/lpc-more-weapons,OGA-BY 3.0+
weapon/magic/gnarled/thrust/foreground/medium.png,,bluecarrot16,"OGA-BY 3.0+,GPL 3.0,CC-BY 4.0",https://opengameart.org/content/lpc-more-weapons,OGA-BY 3.0+
weapon/magic/gnarled/universal/background/hurt/gold.png,,bluecarrot16,"OGA-BY 3.0+,GPL 3.0,CC-BY 4.0",https://opengameart.org/content/lpc-more-weapons,OGA-BY 3.0+
weapon/magic/gnarled/universal/background/hurt/medium.png,,bluecarrot16,"OGA-BY 3.0+,GPL 3.0,CC-BY 4.0",https://opengameart.org/content/lpc-more-weapons,OGA-BY 3.0+
weapon/magic/gnarled/universal/background/walk/gold.png,,bluecarrot16,"OGA-BY 3.0+,GPL 3.0,CC-BY 4.0",https://opengameart.org/content/lpc-more-weapons,OGA-BY 3.0+
weapon/magic/gnarled/universal/background/walk/medium.png,,bluecarrot16,"OGA-BY 3.0+,GPL 3.0,CC-BY 4.0",https://opengameart.org/content/lpc-more-weapons,OGA-BY 3.0+
weapon/magic/gnarled/universal/foreground/hurt/gold.png,,bluecarrot16,"OGA-BY 3.0+,GPL 3.0,CC-BY 4.0",https://opengameart.org/content/lpc-more-weapons,OGA-BY 3.0+
weapon/magic/gnarled/universal/foreground/hurt/medium.png,,bluecarrot16,"OGA-BY 3.0+,GPL 3.0,CC-BY 4.0",https://opengameart.org/content/lpc-more-weapons,OGA-BY 3.0+
weapon/magic/gnarled/universal/foreground/walk/gold.png,,bluecarrot16,"OGA-BY 3.0+,GPL 3.0,CC-BY 4.0",https://opengameart.org/content/lpc-more-weapons,OGA-BY 3.0+
weapon/magic/gnarled/universal/foreground/walk/medium.png,,bluecarrot16,"OGA-BY 3.0+,GPL 3.0,CC-BY 4.0",https://opengameart.org/content/lpc-more-weapons,OGA-BY 3.0+
weapon/magic/simple/background/hurt/simple.png,"original by DrJamgo, hands switched and split into to layers by bluecarrot16","bluecarrot16,Dr. Jamgo",CC0,https://opengameart.org/content/lpc-simple-staff,CC0
weapon/magic/simple/background/spellcast/simple.png,"original by DrJamgo, hands switched and split into to layers by bluecarrot16","bluecarrot16,Dr. Jamgo",CC0,https://opengameart.org/content/lpc-simple-staff,CC0
weapon/magic/simple/background/thrust/simple.png,"original by DrJamgo, hands switched and split into to layers by bluecarrot16","bluecarrot16,Dr. Jamgo",CC0,https://opengameart.org/content/lpc-simple-staff,CC0
weapon/magic/simple/background/walk/simple.png,"original by DrJamgo, hands switched and split into to layers by bluecarrot16","bluecarrot16,Dr. Jamgo",CC0,https://opengameart.org/content/lpc-simple-staff,CC0
weapon/magic/simple/foreground/hurt/simple.png,"original by DrJamgo, hands switched and split into to layers by bluecarrot16","bluecarrot16,Dr. Jamgo",CC0,https://opengameart.org/content/lpc-simple-staff,CC0
weapon/magic/simple/foreground/spellcast/simple.png,"original by DrJamgo, hands switched and split into to layers by bluecarrot16","bluecarrot16,Dr. Jamgo",CC0,https://opengameart.org/content/lpc-simple-staff,CC0
weapon/magic/simple/foreground/thrust/simple.png,"original by DrJamgo, hands switched and split into to layers by bluecarrot16","bluecarrot16,Dr. Jamgo",CC0,https://opengameart.org/content/lpc-simple-staff,CC0
weapon/magic/simple/foreground/walk/simple.png,"original by DrJamgo, hands switched and split into to layers by bluecarrot16","bluecarrot16,Dr. Jamgo",CC0,https://opengameart.org/content/lpc-simple-staff,CC0
weapon/polearm/longspear/background/thrust/gold.png,"original by wulax from expansion_pack-0.04 walk animations adapted from those by pvigier, split into layers and tweaked for v3 character bases by bluecarrot16","Pierre Vigier (pvigier),Johannes Sjölund (wulax),Inboxninja",CC-BY-SA 3.0,https://opengameart.org/content/lpc-medieval-fantasy-character-sprites,CC-BY-SA 3.0
weapon/polearm/longspear/background/thrust/medium.png,"original by wulax from expansion_pack-0.04 walk animations adapted from those by pvigier, split into layers and tweaked for v3 character bases by bluecarrot16","Pierre Vigier (pvigier),Johannes Sjölund (wulax),Inboxninja",CC-BY-SA 3.0,https://opengameart.org/content/lpc-medieval-fantasy-character-sprites,CC-BY-SA 3.0
weapon/polearm/longspear/background/walk/gold.png,"original by wulax from expansion_pack-0.04 walk animations adapted from those by pvigier, split into layers and tweaked for v3 character bases by bluecarrot16","Pierre Vigier (pvigier),Johannes Sjölund (wulax),Inboxninja",CC-BY-SA 3.0,https://opengameart.org/content/lpc-medieval-fantasy-character-sprites,CC-BY-SA 3.0
weapon/polearm/longspear/background/walk/medium.png,"original by wulax from expansion_pack-0.04 walk animations adapted from those by pvigier, split into layers and tweaked for v3 character bases by bluecarrot16","Pierre Vigier (pvigier),Johannes Sjölund (wulax),Inboxninja",CC-BY-SA 3.0,https://opengameart.org/content/lpc-medieval-fantasy-character-sprites,CC-BY-SA 3.0
weapon/polearm/longspear/foreground/thrust/gold.png,"original by wulax from expansion_pack-0.04 walk animations adapted from those by pvigier, split into layers and tweaked for v3 character bases by bluecarrot16","Pierre Vigier (pvigier),Johannes Sjölund (wulax),Inboxninja",CC-BY-SA 3.0,https://opengameart.org/content/lpc-medieval-fantasy-character-sprites,CC-BY-SA 3.0
weapon/polearm/longspear/foreground/thrust/medium.png,"original by wulax from expansion_pack-0.04 walk animations adapted from those by pvigier, split into layers and tweaked for v3 character bases by bluecarrot16","Pierre Vigier (pvigier),Johannes Sjölund (wulax),Inboxninja",CC-BY-SA 3.0,https://opengameart.org/content/lpc-medieval-fantasy-character-sprites,CC-BY-SA 3.0
weapon/polearm/longspear/foreground/walk/gold.png,"original by wulax from expansion_pack-0.04 walk animations adapted from those by pvigier, split into layers and tweaked for v3 character bases by bluecarrot16","Pierre Vigier (pvigier),Johannes Sjölund (wulax),Inboxninja",CC-BY-SA 3.0,https://opengameart.org/content/lpc-medieval-fantasy-character-sprites,CC-BY-SA 3.0
weapon/polearm/longspear/foreground/walk/medium.png,"original by wulax from expansion_pack-0.04 walk animations adapted from those by pvigier, split into layers and tweaked for v3 character bases by bluecarrot16","Pierre Vigier (pvigier),Johannes Sjölund (wulax),Inboxninja",CC-BY-SA 3.0,https://opengameart.org/content/lpc-medieval-fantasy-character-sprites,CC-BY-SA 3.0
weapon/polearm/spear/background/hurt/gold.png,"original by wulax, walk animations redone by pvigier, split into layers and tweaked for v3 character bases by bluecarrot16","Pierre Vigier (pvigier),Johannes Sjölund (wulax),Inboxninja",CC-BY-SA 3.0,"https://opengameart.org/content/lpc-medieval-fantasy-character-sprites,https://opengameart.org/content/lpc-spear-and-shovel-reworked",CC-BY-SA 3.0
weapon/polearm/spear/background/hurt/medium.png,"original by wulax, walk animations redone by pvigier, split into layers and tweaked for v3 character bases by bluecarrot16","Pierre Vigier (pvigier),Johannes Sjölund (wulax),Inboxninja",CC-BY-SA 3.0,"https://opengameart.org/content/lpc-medieval-fantasy-character-sprites,https://opengameart.org/content/lpc-spear-and-shovel-reworked",CC-BY-SA 3.0
weapon/polearm/spear/background/thrust/gold.png,"original by wulax, walk animations redone by pvigier, split into layers and tweaked for v3 character bases by bluecarrot16","Pierre Vigier (pvigier),Johannes Sjölund (wulax),Inboxninja",CC-BY-SA 3.0,"https://opengameart.org/content/lpc-medieval-fantasy-character-sprites,https://opengameart.org/content/lpc-spear-and-shovel-reworked",CC-BY-SA 3.0
weapon/polearm/spear/background/thrust/medium.png,"original by wulax, walk animations redone by pvigier, split into layers and tweaked for v3 character bases by bluecarrot16","Pierre Vigier (pvigier),Johannes Sjölund (wulax),Inboxninja",CC-BY-SA 3.0,"https://opengameart.org/content/lpc-medieval-fantasy-character-sprites,https://opengameart.org/content/lpc-spear-and-shovel-reworked",CC-BY-SA 3.0
weapon/polearm/spear/background/walk/gold.png,"original by wulax, walk animations redone by pvigier, split into layers and tweaked for v3 character bases by bluecarrot16","Pierre Vigier (pvigier),Johannes Sjölund (wulax),Inboxninja",CC-BY-SA 3.0,"https://opengameart.org/content/lpc-medieval-fantasy-character-sprites,https://opengameart.org/content/lpc-spear-and-shovel-reworked",CC-BY-SA 3.0
weapon/polearm/spear/background/walk/medium.png,"original by wulax, walk animations redone by pvigier, split into layers and tweaked for v3 character bases by bluecarrot16","Pierre Vigier (pvigier),Johannes Sjölund (wulax),Inboxninja",CC-BY-SA 3.0,"https://opengameart.org/content/lpc-medieval-fantasy-character-sprites,https://opengameart.org/content/lpc-spear-and-shovel-reworked",CC-BY-SA 3.0
weapon/polearm/spear/foreground/hurt/gold.png,"original by wulax, walk animations redone by pvigier, split into layers and tweaked for v3 character bases by bluecarrot16","Pierre Vigier (pvigier),Johannes Sjölund (wulax),Inboxninja",CC-BY-SA 3.0,"https://opengameart.org/content/lpc-medieval-fantasy-character-sprites,https://opengameart.org/content/lpc-spear-and-shovel-reworked",CC-BY-SA 3.0
weapon/polearm/spear/foreground/hurt/medium.png,"original by wulax, walk animations redone by pvigier, split into layers and tweaked for v3 character bases by bluecarrot16","Pierre Vigier (pvigier),Johannes Sjölund (wulax),Inboxninja",CC-BY-SA 3.0,"https://opengameart.org/content/lpc-medieval-fantasy-character-sprites,https://opengameart.org/content/lpc-spear-and-shovel-reworked",CC-BY-SA 3.0
weapon/polearm/spear/foreground/thrust/gold.png,"original by wulax, walk animations redone by pvigier, split into layers and tweaked for v3 character bases by bluecarrot16","Pierre Vigier (pvigier),Johannes Sjölund (wulax),Inboxninja",CC-BY-SA 3.0,"https://opengameart.org/content/lpc-medieval-fantasy-character-sprites,https://opengameart.org/content/lpc-spear-and-shovel-reworked",CC-BY-SA 3.0
weapon/polearm/spear/foreground/thrust/medium.png,"original by wulax, walk animations redone by pvigier, split into layers and tweaked for v3 character bases by bluecarrot16","Pierre Vigier (pvigier),Johannes Sjölund (wulax),Inboxninja",CC-BY-SA 3.0,"https://opengameart.org/content/lpc-medieval-fantasy-character-sprites,https://opengameart.org/content/lpc-spear-and-shovel-reworked",CC-BY-SA 3.0
weapon/polearm/spear/foreground/walk/gold.png,"original by wulax, walk animations redone by pvigier, split into layers and tweaked for v3 character bases by bluecarrot16","Pierre Vigier (pvigier),Johannes Sjölund (wulax),Inboxninja",CC-BY-SA 3.0,"https://opengameart.org/content/lpc-medieval-fantasy-character-sprites,https://opengameart.org/content/lpc-spear-and-shovel-reworked",CC-BY-SA 3.0
weapon/polearm/spear/foreground/walk/medium.png,"original by wulax, walk animations redone by pvigier, split into layers and tweaked for v3 character bases by bluecarrot16","Pierre Vigier (pvigier),Johannes Sjölund (wulax),Inboxninja",CC-BY-SA 3.0,"https://opengameart.org/content/lpc-medieval-fantasy-character-sprites,https://opengameart.org/content/lpc-spear-and-shovel-reworked",CC-BY-SA 3.0
weapon/ranged/bow/normal/universal/background/hurt/gold.png,"original by wulax, walk animations by pvigier, split into layers and tweaked for v3 character bases by bluecarrot16. pvigier has agreed to license this sheet as OGA-BY 3.0+.","Johannes Sjölund (wulax),Pierre Vigier (pvigier)","OGA-BY 3.0+,GPL 3.0,CC-BY 4.0","https://opengameart.org/content/lpc-medieval-fantasy-character-sprites,https://opengameart.org/content/lpc-walk-animations-for-bows",OGA-BY 3.0+
weapon/ranged/bow/normal/universal/background/hurt/medium.png,"original by wulax, walk animations by pvigier, split into layers and tweaked for v3 character bases by bluecarrot16. pvigier has agreed to license this sheet as OGA-BY 3.0+.","Johannes Sjölund (wulax),Pierre Vigier (pvigier)","OGA-BY 3.0+,GPL 3.0,CC-BY 4.0","https://opengameart.org/content/lpc-medieval-fantasy-character-sprites,https://opengameart.org/content/lpc-walk-animations-for-bows",OGA-BY 3.0+
weapon/ranged/bow/normal/universal/background/shoot/gold.png,"original by wulax, walk animations by pvigier, split into layers and tweaked for v3 character bases by bluecarrot16. pvigier has agreed to license this sheet as OGA-BY 3.0+.","Johannes Sjölund (wulax),Pierre Vigier (pvigier)","OGA-BY 3.0+,GPL 3.0,CC-BY 4.0","https://opengameart.org/content/lpc-medieval-fantasy-character-sprites,https://opengameart.org/content/lpc-walk-animations-for-bows",OGA-BY 3.0+
weapon/ranged/bow/normal/universal/background/shoot/medium.png,"original by wulax, walk animations by pvigier, split into layers and tweaked for v3 character bases by bluecarrot16. pvigier has agreed to license this sheet as OGA-BY 3.0+.","Johannes Sjölund (wulax),Pierre Vigier (pvigier)","OGA-BY 3.0+,GPL 3.0,CC-BY 4.0","https://opengameart.org/content/lpc-medieval-fantasy-character-sprites,https://opengameart.org/content/lpc-walk-animations-for-bows",OGA-BY 3.0+
weapon/ranged/bow/normal/universal/foreground/hurt/gold.png,"original by wulax, walk animations by pvigier, split into layers and tweaked for v3 character bases by bluecarrot16. pvigier has agreed to license this sheet as OGA-BY 3.0+.","Johannes Sjölund (wulax),Pierre Vigier (pvigier)","OGA-BY 3.0+,GPL 3.0,CC-BY 4.0","https://opengameart.org/content/lpc-medieval-fantasy-character-sprites,https://opengameart.org/content/lpc-walk-animations-for-bows",OGA-BY 3.0+
weapon/ranged/bow/normal/universal/foreground/hurt/medium.png,"original by wulax, walk animations by pvigier, split into layers and tweaked for v3 character bases by bluecarrot16. pvigier has agreed to license this sheet as OGA-BY 3.0+.","Johannes Sjölund (wulax),Pierre Vigier (pvigier)","OGA-BY 3.0+,GPL 3.0,CC-BY 4.0","https://opengameart.org/content/lpc-medieval-fantasy-character-sprites,https://opengameart.org/content/lpc-walk-animations-for-bows",OGA-BY 3.0+
weapon/ranged/bow/normal/universal/foreground/shoot/gold.png,"original by wulax, walk animations by pvigier, split into layers and tweaked for v3 character bases by bluecarrot16. pvigier has agreed to license this sheet as OGA-BY 3.0+.","Johannes Sjölund (wulax),Pierre Vigier (pvigier)","OGA-BY 3.0+,GPL 3.0,CC-BY 4.0","https://opengameart.org/content/lpc-medieval-fantasy-character-sprites,https://opengameart.org/content/lpc-walk-animations-for-bows",OGA-BY 3.0+
weapon/ranged/bow/normal/universal/foreground/shoot/medium.png,"original by wulax, walk animations by pvigier, split into layers and tweaked for v3 character bases by bluecarrot16. pvigier has agreed to license this sheet as OGA-BY 3.0+.","Johannes Sjölund (wulax),Pierre Vigier (pvigier)","OGA-BY 3.0+,GPL 3.0,CC-BY 4.0","https://opengameart.org/content/lpc-medieval-fantasy-character-sprites,https://opengameart.org/content/lpc-walk-animations-for-bows",OGA-BY 3.0+
weapon/ranged/bow/normal/walk/background/gold.png,"original by wulax, walk animations by pvigier, split into layers and tweaked for v3 character bases by bluecarrot16. pvigier has agreed to license this sheet as OGA-BY 3.0+.","Johannes Sjölund (wulax),Pierre Vigier (pvigier)","OGA-BY 3.0+,GPL 3.0,CC-BY 4.0","https://opengameart.org/content/lpc-medieval-fantasy-character-sprites,https://opengameart.org/content/lpc-walk-animations-for-bows",OGA-BY 3.0+
weapon/ranged/bow/normal/walk/background/medium.png,"original by wulax, walk animations by pvigier, split into layers and tweaked for v3 character bases by bluecarrot16. pvigier has agreed to license this sheet as OGA-BY 3.0+.","Johannes Sjölund (wulax),Pierre Vigier (pvigier)","OGA-BY 3.0+,GPL 3.0,CC-BY 4.0","https://opengameart.org/content/lpc-medieval-fantasy-character-sprites,https://opengameart.org/content/lpc-walk-animations-for-bows",OGA-BY 3.0+
weapon/ranged/bow/normal/walk/foreground/gold.png,"original by wulax, walk animations by pvigier, split into layers and tweaked for v3 character bases by bluecarrot16. pvigier has agreed to license this sheet as OGA-BY 3.0+.","Johannes Sjölund (wulax),Pierre Vigier (pvigier)","OGA-BY 3.0+,GPL 3.0,CC-BY 4.0","https://opengameart.org/content/lpc-medieval-fantasy-character-sprites,https://opengameart.org/content/lpc-walk-animations-for-bows",OGA-BY 3.0+
weapon/ranged/bow/normal/walk/foreground/medium.png,"original by wulax, walk animations by pvigier, split into layers and tweaked for v3 character bases by bluecarrot16. pvigier has agreed to license this sheet as OGA-BY 3.0+.","Johannes Sjölund (wulax),Pierre Vigier (pvigier)","OGA-BY 3.0+,GPL 3.0,CC-BY 4.0","https://opengameart.org/content/lpc-medieval-fantasy-character-sprites,https://opengameart.org/content/lpc-walk-animations-for-bows",OGA-BY 3.0+
weapon/ranged/bow/recurve/universal/background/hurt/dark.png,"modified by daneeklu, from **normal** bow by wulax; walk animations by pvigier; split into layers and tweaked for v3 character bases by bluecarrot16","Daniel Eddeland (daneeklu),gr3yh47,Johannes Sjölund (wulax),Pierre Vigier (pvigier)",CC-BY-SA 3.0,"https://opengameart.org/content/lpc-weapons-two-bows-a-spear-and-a-trident,https://opengameart.org/content/lpc-walk-animations-for-bows",CC-BY-SA 3.0
weapon/ranged/bow/recurve/universal/background/hurt/gold.png,"modified by daneeklu, from **normal** bow by wulax; walk animations by pvigier; split into layers and tweaked for v3 character bases by bluecarrot16","Daniel Eddeland (daneeklu),gr3yh47,Johannes Sjölund (wulax),Pierre Vigier (pvigier)",CC-BY-SA 3.0,"https://opengameart.org/content/lpc-weapons-two-bows-a-spear-and-a-trident,https://opengameart.org/content/lpc-walk-animations-for-bows",CC-BY-SA 3.0
weapon/ranged/bow/recurve/universal/background/shoot/dark.png,"modified by daneeklu, from **normal** bow by wulax; walk animations by pvigier; split into layers and tweaked for v3 character bases by bluecarrot16","Daniel Eddeland (daneeklu),gr3yh47,Johannes Sjölund (wulax),Pierre Vigier (pvigier)",CC-BY-SA 3.0,"https://opengameart.org/content/lpc-weapons-two-bows-a-spear-and-a-trident,https://opengameart.org/content/lpc-walk-animations-for-bows",CC-BY-SA 3.0
weapon/ranged/bow/recurve/universal/background/shoot/gold.png,"modified by daneeklu, from **normal** bow by wulax; walk animations by pvigier; split into layers and tweaked for v3 character bases by bluecarrot16","Daniel Eddeland (daneeklu),gr3yh47,Johannes Sjölund (wulax),Pierre Vigier (pvigier)",CC-BY-SA 3.0,"https://opengameart.org/content/lpc-weapons-two-bows-a-spear-and-a-trident,https://opengameart.org/content/lpc-walk-animations-for-bows",CC-BY-SA 3.0
weapon/ranged/bow/recurve/universal/foreground/hurt/dark.png,"modified by daneeklu, from **normal** bow by wulax; walk animations by pvigier; split into layers and tweaked for v3 character bases by bluecarrot16","Daniel Eddeland (daneeklu),gr3yh47,Johannes Sjölund (wulax),Pierre Vigier (pvigier)",CC-BY-SA 3.0,"https://opengameart.org/content/lpc-weapons-two-bows-a-spear-and-a-trident,https://opengameart.org/content/lpc-walk-animations-for-bows",CC-BY-SA 3.0
weapon/ranged/bow/recurve/universal/foreground/hurt/gold.png,"modified by daneeklu, from **normal** bow by wulax; walk animations by pvigier; split into layers and tweaked for v3 character bases by bluecarrot16","Daniel Eddeland (daneeklu),gr3yh47,Johannes Sjölund (wulax),Pierre Vigier (pvigier)",CC-BY-SA 3.0,"https://opengameart.org/content/lpc-weapons-two-bows-a-spear-and-a-trident,https://opengameart.org/content/lpc-walk-animations-for-bows",CC-BY-SA 3.0
weapon/ranged/bow/recurve/universal/foreground/shoot/dark.png,"modified by daneeklu, from **normal** bow by wulax; walk animations by pvigier; split into layers and tweaked for v3 character bases by bluecarrot16","Daniel Eddeland (daneeklu),gr3yh47,Johannes Sjölund (wulax),Pierre Vigier (pvigier)",CC-BY-SA 3.0,"https://opengameart.org/content/lpc-weapons-two-bows-a-spear-and-a-trident,https://opengameart.org/content/lpc-walk-animations-for-bows",CC-BY-SA 3.0
weapon/ranged/bow/recurve/universal/foreground/shoot/gold.png,"modified by daneeklu, from **normal** bow by wulax; walk animations by pvigier; split into layers and tweaked for v3 character bases by bluecarrot16","Daniel Eddeland (daneeklu),gr3yh47,Johannes Sjölund (wulax),Pierre Vigier (pvigier)",CC-BY-SA 3.0,"https://opengameart.org/content/lpc-weapons-two-bows-a-spear-and-a-trident,https://opengameart.org/content/lpc-walk-animations-for-bows",CC-BY-SA 3.0
weapon/ranged/bow/recurve/walk/background/dark.png,"modified by daneeklu, from ""normal"" bow by wulax; walk animations by pvigier; split into layers and tweaked for v3 character bases by bluecarrot16","Daniel Eddeland (daneeklu),gr3yh47,Johannes Sjölund (wulax),Pierre Vigier (pvigier)",CC-BY-SA 3.0,"https://opengameart.org/content/lpc-weapons-two-bows-a-spear-and-a-trident,https://opengameart.org/content/lpc-walk-animations-for-bows",CC-BY-SA 3.0
weapon/ranged/bow/recurve/walk/background/gold.png,"modified by daneeklu, from ""normal"" bow by wulax; walk animations by pvigier; split into layers and tweaked for v3 character bases by bluecarrot16","Daniel Eddeland (daneeklu),gr3yh47,Johannes Sjölund (wulax),Pierre Vigier (pvigier)",CC-BY-SA 3.0,"https://opengameart.org/content/lpc-weapons-two-bows-a-spear-and-a-trident,https://opengameart.org/content/lpc-walk-animations-for-bows",CC-BY-SA 3.0
weapon/ranged/bow/recurve/walk/foreground/dark.png,"modified by daneeklu, from ""normal"" bow by wulax; walk animations by pvigier; split into layers and tweaked for v3 character bases by bluecarrot16","Daniel Eddeland (daneeklu),gr3yh47,Johannes Sjölund (wulax),Pierre Vigier (pvigier)",CC-BY-SA 3.0,"https://opengameart.org/content/lpc-weapons-two-bows-a-spear-and-a-trident,https://opengameart.org/content/lpc-walk-animations-for-bows",CC-BY-SA 3.0
weapon/ranged/bow/recurve/walk/foreground/gold.png,"modified by daneeklu, from ""normal"" bow by wulax; walk animations by pvigier; split into layers and tweaked for v3 character bases by bluecarrot16","Daniel Eddeland (daneeklu),gr3yh47,Johannes Sjölund (wulax),Pierre Vigier (pvigier)",CC-BY-SA 3.0,"https://opengameart.org/content/lpc-weapons-two-bows-a-spear-and-a-trident,https://opengameart.org/content/lpc-walk-animations-for-bows",CC-BY-SA 3.0
weapon/ranged/slingshot/background/hurt/slingshot.png,,bluecarrot16,"OGA-BY 3.0+,GPL 3.0,CC-BY 4.0",https://opengameart.org/content/lpc-more-weapons,OGA-BY 3.0+
weapon/ranged/slingshot/background/shoot/slingshot.png,,bluecarrot16,"OGA-BY 3.0+,GPL 3.0,CC-BY 4.0",https://opengameart.org/content/lpc-more-weapons,OGA-BY 3.0+
weapon/ranged/slingshot/background/walk/slingshot.png,,bluecarrot16,"OGA-BY 3.0+,GPL 3.0,CC-BY 4.0",https://opengameart.org/content/lpc-more-weapons,OGA-BY 3.0+
weapon/ranged/slingshot/foreground/hurt/slingshot.png,,bluecarrot16,"OGA-BY 3.0+,GPL 3.0,CC-BY 4.0",https://opengameart.org/content/lpc-more-weapons,OGA-BY 3.0+
weapon/ranged/slingshot/foreground/shoot/slingshot.png,,bluecarrot16,"OGA-BY 3.0+,GPL 3.0,CC-BY 4.0",https://opengameart.org/content/lpc-more-weapons,OGA-BY 3.0+
weapon/ranged/slingshot/foreground/walk/slingshot.png,,bluecarrot16,"OGA-BY 3.0+,GPL 3.0,CC-BY 4.0",https://opengameart.org/content/lpc-more-weapons,OGA-BY 3.0+
weapon/sword/dagger/behind/slash/dagger.png,,"bluecarrot16,Johannes Sjölund (wulax),Matthew Krohn (makrohn)","OGA-BY 3.0,CC-BY-SA 3.0,GPL 3.0","https://opengameart.org/content/lpc-medieval-fantasy-character-sprites,https://opengameart.org/content/lpc-extended-weapon-animations",CC-BY-SA 3.0
weapon/sword/dagger/behind/walk/dagger.png,,"bluecarrot16,Johannes Sjölund (wulax),Matthew Krohn (makrohn)","OGA-BY 3.0,CC-BY-SA 3.0,GPL 3.0","https://opengameart.org/content/lpc-medieval-fantasy-character-sprites,https://opengameart.org/content/lpc-extended-weapon-animations",CC-BY-SA 3.0
weapon/sword/dagger/hurt/dagger.png,,"bluecarrot16,Johannes Sjölund (wulax),Matthew Krohn (makrohn)","OGA-BY 3.0,CC-BY-SA 3.0,GPL 3.0","https://opengameart.org/content/lpc-medieval-fantasy-character-sprites,https://opengameart.org/content/lpc-extended-weapon-animations",CC-BY-SA 3.0
weapon/sword/dagger/slash/dagger.png,,"bluecarrot16,Johannes Sjölund (wulax),Matthew Krohn (makrohn)","OGA-BY 3.0,CC-BY-SA 3.0,GPL 3.0","https://opengameart.org/content/lpc-medieval-fantasy-character-sprites,https://opengameart.org/content/lpc-extended-weapon-animations",CC-BY-SA 3.0
weapon/sword/dagger/walk/dagger.png,,"bluecarrot16,Johannes Sjölund (wulax),Matthew Krohn (makrohn)","OGA-BY 3.0,CC-BY-SA 3.0,GPL 3.0","https://opengameart.org/content/lpc-medieval-fantasy-character-sprites,https://opengameart.org/content/lpc-extended-weapon-animations",CC-BY-SA 3.0
weapon/sword/scimitar/walk/behind/scimitar.png,,Pierre Vigier and DCSS artists (see https://github.com/crawl/tiles/blob/master/ARTISTS.md),OGA-BY 3.0,https://opengameart.org/content/lpc-dcss-swords,OGA-BY 3.0
weapon/sword/scimitar/walk/scimitar.png,,Pierre Vigier and DCSS artists (see https://github.com/crawl/tiles/blob/master/ARTISTS.md),OGA-BY 3.0,https://opengameart.org/content/lpc-dcss-swords,OGA-BY 3.0
